#
# There is insufficient memory for the Java Runtime Environment to continue.
# Native memory allocation (mmap) failed to map 369098752 bytes. Error detail: G1 virtual space
# Possible reasons:
#   The system is out of physical RAM or swap space
#   This process is running with CompressedOops enabled, and the Java Heap may be blocking the growth of the native heap
# Possible solutions:
#   Reduce memory load on the system
#   Increase physical memory or swap space
#   Check if swap backing store is full
#   Decrease Java heap size (-Xmx/-Xms)
#   Decrease number of Java threads
#   Decrease Java thread stack sizes (-Xss)
#   Set larger code cache with -XX:ReservedCodeCacheSize=
#   JVM is running with Zero Based Compressed Oops mode in which the Java heap is
#     placed in the first 32GB address space. The Java Heap base address is the
#     maximum limit for the native heap growth. Please use -XX:HeapBaseMinAddress
#     to set the Java Heap base and to place the Java Heap above 32GB virtual address.
# This output file may be truncated or incomplete.
#
#  Out of Memory Error (os_windows.cpp:3618), pid=13120, tid=12188
#
# JRE version: OpenJDK Runtime Environment Temurin-17.0.17+10 (17.0.17+10) (build 17.0.17+10)
# Java VM: OpenJDK 64-Bit Server VM Temurin-17.0.17+10 (17.0.17+10, mixed mode, sharing, tiered, compressed oops, compressed class ptrs, g1 gc, windows-amd64)
# No core dump will be written. Minidumps are not enabled by default on client versions of Windows
#

---------------  S U M M A R Y ------------

Command Line: --add-opens=java.base/java.lang=ALL-UNNAMED --add-opens=java.base/java.lang.invoke=ALL-UNNAMED --add-opens=java.base/java.util=ALL-UNNAMED --add-opens=java.prefs/java.util.prefs=ALL-UNNAMED --add-exports=jdk.compiler/com.sun.tools.javac.api=ALL-UNNAMED --add-exports=jdk.compiler/com.sun.tools.javac.util=ALL-UNNAMED --add-opens=java.base/java.util=ALL-UNNAMED --add-opens=java.prefs/java.util.prefs=ALL-UNNAMED --add-opens=java.base/java.nio.charset=ALL-UNNAMED --add-opens=java.base/java.net=ALL-UNNAMED --add-opens=java.base/java.util.concurrent.atomic=ALL-UNNAMED --add-opens=java.xml/javax.xml.namespace=ALL-UNNAMED -XX:MaxMetaspaceSize=512m -XX:+UseG1GC -Xmx4096m -Dfile.encoding=UTF-8 -Duser.country=IN -Duser.language=en -Duser.variant -javaagent:C:\Users\LENOVO\.gradle\wrapper\dists\gradle-8.14.3-bin\cv11ve7ro1n3o1j4so8xd9n66\gradle-8.14.3\lib\agents\gradle-instrumentation-agent-8.14.3.jar org.gradle.launcher.daemon.bootstrap.GradleDaemon 8.14.3

Host: AMD Ryzen 5 5600H with Radeon Graphics         , 12 cores, 5G,  Windows 11 , 64 bit Build 26100 (10.0.26100.7623)
Time: Fri Jan 23 18:10:47 2026 India Standard Time elapsed time: 82.301975 seconds (0d 0h 1m 22s)

---------------  T H R E A D  ---------------

Current thread (0x000002e1ba236160):  VMThread "VM Thread" [stack: 0x000000f69dc00000,0x000000f69dd00000] [id=12188]

Stack: [0x000000f69dc00000,0x000000f69dd00000]
Native frames: (J=compiled Java code, j=interpreted, Vv=VM code, C=native code)
V  [jvm.dll+0x683fb9]
V  [jvm.dll+0x83a1b5]
V  [jvm.dll+0x83bc2e]
V  [jvm.dll+0x83c2b3]
V  [jvm.dll+0x248eff]
V  [jvm.dll+0x680d79]
V  [jvm.dll+0x675b7a]
V  [jvm.dll+0x3091a7]
V  [jvm.dll+0x310776]
V  [jvm.dll+0x360bbe]
V  [jvm.dll+0x360dfd]
V  [jvm.dll+0x2e022c]
V  [jvm.dll+0x2de602]
V  [jvm.dll+0x2ddd9c]
V  [jvm.dll+0x320a3b]
V  [jvm.dll+0x840acd]
V  [jvm.dll+0x841803]
V  [jvm.dll+0x841d2f]
V  [jvm.dll+0x842115]
V  [jvm.dll+0x8421de]
V  [jvm.dll+0x7ea44c]
V  [jvm.dll+0x682e87]
C  [ucrtbase.dll+0x37b0]
C  [KERNEL32.DLL+0x2e8d7]
C  [ntdll.dll+0x8c53c]

VM_Operation (0x000000f6a3bfee90): G1CollectForAllocation, mode: safepoint, requested by thread 0x000002e1efbfea70


---------------  P R O C E S S  ---------------

Threads class SMR info:
_java_thread_list=0x000002e1dc4e3f20, length=100, elements={
0x000002e194fb4e10, 0x000002e1ba23cce0, 0x000002e1ba23f330, 0x000002e1ba255ad0,
0x000002e1ba2583b0, 0x000002e1ba2597f0, 0x000002e1ba25b240, 0x000002e1ba25c9b0,
0x000002e1ba268b90, 0x000002e1ba274440, 0x000002e1ba227cb0, 0x000002e1ba816720,
0x000002e1dad7ef00, 0x000002e1db2f48a0, 0x000002e1dad60d70, 0x000002e1db62c030,
0x000002e1db10d080, 0x000002e1dabf3de0, 0x000002e1dabf42f0, 0x000002e1dabf4800,
0x000002e1dabf2490, 0x000002e1dabf1560, 0x000002e1dabf29a0, 0x000002e1dabf1f80,
0x000002e1dabf33c0, 0x000002e1dabf2eb0, 0x000002e1dabf1a70, 0x000002e1dabf4d10,
0x000002e1dc86e3f0, 0x000002e1dc86caa0, 0x000002e1dc86dee0, 0x000002e1dc86cfb0,
0x000002e1dc870250, 0x000002e1dc86e900, 0x000002e1dc86ee10, 0x000002e1dc86f830,
0x000002e1dc86fd40, 0x000002e1dc870760, 0x000002e1dc86d9d0, 0x000002e1dc8720b0,
0x000002e1dc8725c0, 0x000002e1dc8734f0, 0x000002e1dc870c70, 0x000002e1dc872ad0,
0x000002e1dc872fe0, 0x000002e1dc873a00, 0x000002e1dc871180, 0x000002e1dc871690,
0x000002e1dc871ba0, 0x000002e1de8f7e20, 0x000002e1de8fa190, 0x000002e1de8f8330,
0x000002e1de8fb5d0, 0x000002e1de8f9260, 0x000002e1de8f8d50, 0x000002e1da0cfd30,
0x000002e1da0d1b90, 0x000002e1dc5d2930, 0x000002e1dc5d1a00, 0x000002e1de8fabb0,
0x000002e1ed131830, 0x000002e1ed1303f0, 0x000002e1ed1340b0, 0x000002e1ed137d70,
0x000002e1ed1354f0, 0x000002e1ed135a00, 0x000002e1ed135f10, 0x000002e1ed137350,
0x000002e1ed136930, 0x000002e1ed136e40, 0x000002e1ed137860, 0x000002e1da0d3f00,
0x000002e1da0d4410, 0x000002e1efbfdb40, 0x000002e1efc008d0, 0x000002e1efbff9a0,
0x000002e1efbffeb0, 0x000002e1efc003c0, 0x000002e1efbfef80, 0x000002e1efbfea70,
0x000002e1efc00de0, 0x000002e1efc012f0, 0x000002e1efc01800, 0x000002e1efbfe560,
0x000002e1efbfe050, 0x000002e1efc054c0, 0x000002e1efc04080, 0x000002e1efc04aa0,
0x000002e1efc04fb0, 0x000002e1efc03b70, 0x000002e1efc02220, 0x000002e1efc03150,
0x000002e1efc02730, 0x000002e1ed8682e0, 0x000002e1ed869210, 0x000002e1ed86c9c0,
0x000002e1ed86de00, 0x000002e1ed86ed30, 0x000002e1ed86ced0, 0x000002e1ed86fc60
}

Java Threads: ( => current thread )
  0x000002e194fb4e10 JavaThread "main" [_thread_blocked, id=10780, stack(0x000000f69d600000,0x000000f69d700000)]
  0x000002e1ba23cce0 JavaThread "Reference Handler" daemon [_thread_blocked, id=13648, stack(0x000000f69dd00000,0x000000f69de00000)]
  0x000002e1ba23f330 JavaThread "Finalizer" daemon [_thread_blocked, id=26056, stack(0x000000f69de00000,0x000000f69df00000)]
  0x000002e1ba255ad0 JavaThread "Signal Dispatcher" daemon [_thread_blocked, id=28524, stack(0x000000f69df00000,0x000000f69e000000)]
  0x000002e1ba2583b0 JavaThread "Attach Listener" daemon [_thread_blocked, id=14608, stack(0x000000f69e000000,0x000000f69e100000)]
  0x000002e1ba2597f0 JavaThread "Service Thread" daemon [_thread_blocked, id=17468, stack(0x000000f69e100000,0x000000f69e200000)]
  0x000002e1ba25b240 JavaThread "Monitor Deflation Thread" daemon [_thread_blocked, id=11728, stack(0x000000f69e200000,0x000000f69e300000)]
  0x000002e1ba25c9b0 JavaThread "C2 CompilerThread0" daemon [_thread_blocked, id=25960, stack(0x000000f69e300000,0x000000f69e400000)]
  0x000002e1ba268b90 JavaThread "C1 CompilerThread0" daemon [_thread_blocked, id=22400, stack(0x000000f69e400000,0x000000f69e500000)]
  0x000002e1ba274440 JavaThread "Sweeper thread" daemon [_thread_blocked, id=13404, stack(0x000000f69e500000,0x000000f69e600000)]
  0x000002e1ba227cb0 JavaThread "Common-Cleaner" daemon [_thread_blocked, id=14484, stack(0x000000f69e600000,0x000000f69e700000)]
  0x000002e1ba816720 JavaThread "Notification Thread" daemon [_thread_blocked, id=1756, stack(0x000000f69e700000,0x000000f69e800000)]
  0x000002e1dad7ef00 JavaThread "Daemon health stats" [_thread_blocked, id=7192, stack(0x000000f69ee00000,0x000000f69ef00000)]
  0x000002e1db2f48a0 JavaThread "Incoming local TCP Connector on port 60760" [_thread_in_native, id=23008, stack(0x000000f69ef00000,0x000000f69f000000)]
  0x000002e1dad60d70 JavaThread "Daemon periodic checks" [_thread_blocked, id=23136, stack(0x000000f69f000000,0x000000f69f100000)]
  0x000002e1db62c030 JavaThread "Daemon" [_thread_blocked, id=27088, stack(0x000000f69f100000,0x000000f69f200000)]
  0x000002e1db10d080 JavaThread "Handler for socket connection from /127.0.0.1:60760 to /127.0.0.1:60761" [_thread_in_native, id=14388, stack(0x000000f69f200000,0x000000f69f300000)]
  0x000002e1dabf3de0 JavaThread "Cancel handler" [_thread_blocked, id=18272, stack(0x000000f69f300000,0x000000f69f400000)]
  0x000002e1dabf42f0 JavaThread "Daemon worker" [_thread_blocked, id=27588, stack(0x000000f69f400000,0x000000f69f500000)]
  0x000002e1dabf4800 JavaThread "Asynchronous log dispatcher for DefaultDaemonConnection: socket connection from /127.0.0.1:60760 to /127.0.0.1:60761" [_thread_blocked, id=15884, stack(0x000000f69f500000,0x000000f69f600000)]
  0x000002e1dabf2490 JavaThread "Stdin handler" [_thread_blocked, id=20692, stack(0x000000f69f600000,0x000000f69f700000)]
  0x000002e1dabf1560 JavaThread "Daemon client event forwarder" [_thread_blocked, id=24852, stack(0x000000f69f700000,0x000000f69f800000)]
  0x000002e1dabf29a0 JavaThread "Cache worker for journal cache (C:\Users\LENOVO\.gradle\caches\journal-1)" [_thread_blocked, id=11704, stack(0x000000f69fd00000,0x000000f69fe00000)]
  0x000002e1dabf1f80 JavaThread "File lock request listener" [_thread_blocked, id=25240, stack(0x000000f69e900000,0x000000f69ea00000)]
  0x000002e1dabf33c0 JavaThread "Cache worker for file hash cache (C:\Users\LENOVO\.gradle\caches\8.14.3\fileHashes)" [_thread_blocked, id=22240, stack(0x000000f69fe00000,0x000000f69ff00000)]
  0x000002e1dabf2eb0 JavaThread "Cache worker for file hash cache (E:\truluv\android\.gradle\8.14.3\fileHashes)" [_thread_blocked, id=15172, stack(0x000000f6a0000000,0x000000f6a0100000)]
  0x000002e1dabf1a70 JavaThread "Cache worker for Build Output Cleanup Cache (E:\truluv\android\.gradle\buildOutputCleanup)" [_thread_blocked, id=24744, stack(0x000000f6a0100000,0x000000f6a0200000)]
  0x000002e1dabf4d10 JavaThread "File watcher server" daemon [_thread_in_native, id=2276, stack(0x000000f6a0400000,0x000000f6a0500000)]
  0x000002e1dc86e3f0 JavaThread "File watcher consumer" daemon [_thread_blocked, id=14344, stack(0x000000f6a0500000,0x000000f6a0600000)]
  0x000002e1dc86caa0 JavaThread "jar transforms" [_thread_blocked, id=22292, stack(0x000000f6a0600000,0x000000f6a0700000)]
  0x000002e1dc86dee0 JavaThread "jar transforms Thread 2" [_thread_blocked, id=17572, stack(0x000000f6a0700000,0x000000f6a0800000)]
  0x000002e1dc86cfb0 JavaThread "jar transforms Thread 3" [_thread_blocked, id=24252, stack(0x000000f6a0800000,0x000000f6a0900000)]
  0x000002e1dc870250 JavaThread "jar transforms Thread 4" [_thread_blocked, id=7256, stack(0x000000f6a0900000,0x000000f6a0a00000)]
  0x000002e1dc86e900 JavaThread "jar transforms Thread 5" [_thread_blocked, id=27436, stack(0x000000f6a0a00000,0x000000f6a0b00000)]
  0x000002e1dc86ee10 JavaThread "Cache worker for checksums cache (E:\truluv\android\.gradle\8.14.3\checksums)" [_thread_blocked, id=6044, stack(0x000000f6a0b00000,0x000000f6a0c00000)]
  0x000002e1dc86f830 JavaThread "Cache worker for file content cache (C:\Users\LENOVO\.gradle\caches\8.14.3\fileContent)" [_thread_blocked, id=18216, stack(0x000000f6a0c00000,0x000000f6a0d00000)]
  0x000002e1dc86fd40 JavaThread "jar transforms Thread 6" [_thread_blocked, id=26772, stack(0x000000f6a0d00000,0x000000f6a0e00000)]
  0x000002e1dc870760 JavaThread "jar transforms Thread 7" [_thread_blocked, id=7860, stack(0x000000f6a0e00000,0x000000f6a0f00000)]
  0x000002e1dc86d9d0 JavaThread "jar transforms Thread 8" [_thread_blocked, id=23780, stack(0x000000f6a0f00000,0x000000f6a1000000)]
  0x000002e1dc8720b0 JavaThread "jar transforms Thread 9" [_thread_blocked, id=23996, stack(0x000000f6a1000000,0x000000f6a1100000)]
  0x000002e1dc8725c0 JavaThread "jar transforms Thread 10" [_thread_blocked, id=25976, stack(0x000000f6a1100000,0x000000f6a1200000)]
  0x000002e1dc8734f0 JavaThread "Exec process" [_thread_blocked, id=17012, stack(0x000000f6a1200000,0x000000f6a1300000)]
  0x000002e1dc870c70 JavaThread "Exec process Thread 2" [_thread_blocked, id=24240, stack(0x000000f6a1300000,0x000000f6a1400000)]
  0x000002e1dc872ad0 JavaThread "Exec process Thread 3" [_thread_blocked, id=27572, stack(0x000000f6a1400000,0x000000f6a1500000)]
  0x000002e1dc872fe0 JavaThread "Cache worker for cache directory md-supplier (C:\Users\LENOVO\.gradle\caches\8.14.3\md-supplier)" [_thread_blocked, id=10904, stack(0x000000f6a1600000,0x000000f6a1700000)]
  0x000002e1dc873a00 JavaThread "Cache worker for cache directory md-rule (C:\Users\LENOVO\.gradle\caches\8.14.3\md-rule)" [_thread_blocked, id=10200, stack(0x000000f6a1700000,0x000000f6a1800000)]
  0x000002e1dc871180 JavaThread "Cache worker for Build Output Cleanup Cache (E:\truluv\node_modules\@react-native\gradle-plugin\.gradle\buildOutputCleanup)" [_thread_blocked, id=28024, stack(0x000000f6a1800000,0x000000f6a1900000)]
  0x000002e1dc871690 JavaThread "Unconstrained build operations" [_thread_blocked, id=9380, stack(0x000000f6a1b00000,0x000000f6a1c00000)]
  0x000002e1dc871ba0 JavaThread "Unconstrained build operations Thread 2" [_thread_blocked, id=27176, stack(0x000000f6a1c00000,0x000000f6a1d00000)]
  0x000002e1de8f7e20 JavaThread "Unconstrained build operations Thread 3" [_thread_blocked, id=22320, stack(0x000000f6a1500000,0x000000f6a1600000)]
  0x000002e1de8fa190 JavaThread "Cache worker for Build Output Cleanup Cache (E:\truluv\node_modules\expo-modules-autolinking\android\expo-gradle-plugin\.gradle\buildOutputCleanup)" [_thread_blocked, id=12692, stack(0x000000f69ff00000,0x000000f6a0000000)]
  0x000002e1de8f8330 JavaThread "Unconstrained build operations Thread 4" [_thread_blocked, id=15356, stack(0x000000f6a1e00000,0x000000f6a1f00000)]
  0x000002e1de8fb5d0 JavaThread "Unconstrained build operations Thread 5" [_thread_blocked, id=18280, stack(0x000000f6a1f00000,0x000000f6a2000000)]
  0x000002e1de8f9260 JavaThread "Unconstrained build operations Thread 6" [_thread_blocked, id=7204, stack(0x000000f6a2000000,0x000000f6a2100000)]
  0x000002e1de8f8d50 JavaThread "Kotlin DSL Writer" [_thread_blocked, id=5368, stack(0x000000f6a2100000,0x000000f6a2200000)]
  0x000002e1da0cfd30 JavaThread "build event listener" [_thread_blocked, id=2768, stack(0x000000f6a2300000,0x000000f6a2400000)]
  0x000002e1da0d1b90 JavaThread "Memory manager" [_thread_blocked, id=2712, stack(0x000000f6a1d00000,0x000000f6a1e00000)]
  0x000002e1dc5d2930 JavaThread "Unconstrained build operations Thread 7" [_thread_blocked, id=24864, stack(0x000000f6a2200000,0x000000f6a2300000)]
  0x000002e1dc5d1a00 JavaThread "build event listener" [_thread_blocked, id=12400, stack(0x000000f6a2400000,0x000000f6a2500000)]
  0x000002e1de8fabb0 JavaThread "Kotlin DSL Writer" [_thread_blocked, id=13132, stack(0x000000f6a2900000,0x000000f6a2a00000)]
  0x000002e1ed131830 JavaThread "Unconstrained build operations Thread 8" [_thread_blocked, id=25648, stack(0x000000f6a2a00000,0x000000f6a2b00000)]
  0x000002e1ed1303f0 JavaThread "Unconstrained build operations Thread 9" [_thread_blocked, id=3436, stack(0x000000f6a2b00000,0x000000f6a2c00000)]
  0x000002e1ed1340b0 JavaThread "Unconstrained build operations Thread 10" [_thread_blocked, id=22232, stack(0x000000f6a2c00000,0x000000f6a2d00000)]
  0x000002e1ed137d70 JavaThread "ForkJoinPool.commonPool-worker-1" daemon [_thread_blocked, id=11984, stack(0x000000f6a2700000,0x000000f6a2800000)]
  0x000002e1ed1354f0 JavaThread "ForkJoinPool.commonPool-worker-2" daemon [_thread_blocked, id=24960, stack(0x000000f6a2800000,0x000000f6a2900000)]
  0x000002e1ed135a00 JavaThread "ForkJoinPool.commonPool-worker-3" daemon [_thread_blocked, id=26648, stack(0x000000f6a2d00000,0x000000f6a2e00000)]
  0x000002e1ed135f10 JavaThread "ForkJoinPool.commonPool-worker-4" daemon [_thread_blocked, id=28232, stack(0x000000f6a2e00000,0x000000f6a2f00000)]
  0x000002e1ed137350 JavaThread "ForkJoinPool.commonPool-worker-5" daemon [_thread_blocked, id=14080, stack(0x000000f6a2f00000,0x000000f6a3000000)]
  0x000002e1ed136930 JavaThread "ForkJoinPool.commonPool-worker-6" daemon [_thread_blocked, id=8172, stack(0x000000f6a3000000,0x000000f6a3100000)]
  0x000002e1ed136e40 JavaThread "ForkJoinPool.commonPool-worker-7" daemon [_thread_blocked, id=8592, stack(0x000000f6a3100000,0x000000f6a3200000)]
  0x000002e1ed137860 JavaThread "ForkJoinPool.commonPool-worker-8" daemon [_thread_blocked, id=6160, stack(0x000000f6a3200000,0x000000f6a3300000)]
  0x000002e1da0d3f00 JavaThread "ForkJoinPool.commonPool-worker-9" daemon [_thread_blocked, id=25624, stack(0x000000f6a3300000,0x000000f6a3400000)]
  0x000002e1da0d4410 JavaThread "ForkJoinPool.commonPool-worker-10" daemon [_thread_blocked, id=18620, stack(0x000000f6a3400000,0x000000f6a3500000)]
  0x000002e1efbfdb40 JavaThread "included builds" [_thread_blocked, id=14588, stack(0x000000f6a3500000,0x000000f6a3600000)]
  0x000002e1efc008d0 JavaThread "included builds Thread 2" [_thread_blocked, id=6816, stack(0x000000f6a3600000,0x000000f6a3700000)]
  0x000002e1efbff9a0 JavaThread "Execution worker" [_thread_blocked, id=17376, stack(0x000000f6a3700000,0x000000f6a3800000)]
  0x000002e1efbffeb0 JavaThread "Cache worker for execution history cache (E:\truluv\node_modules\expo-modules-autolinking\android\expo-gradle-plugin\.gradle\8.14.3\executionHistory)" [_thread_blocked, id=11952, stack(0x000000f6a3800000,0x000000f6a3900000)]
  0x000002e1efc003c0 JavaThread "Cache worker for execution history cache (E:\truluv\node_modules\@react-native\gradle-plugin\.gradle\8.14.3\executionHistory)" [_thread_blocked, id=11744, stack(0x000000f6a3900000,0x000000f6a3a00000)]
  0x000002e1efbfef80 JavaThread "Unconstrained build operations Thread 11" [_thread_blocked, id=21772, stack(0x000000f6a3a00000,0x000000f6a3b00000)]
  0x000002e1efbfea70 JavaThread "Unconstrained build operations Thread 12" [_thread_blocked, id=24136, stack(0x000000f6a3b00000,0x000000f6a3c00000)]
  0x000002e1efc00de0 JavaThread "Unconstrained build operations Thread 14" [_thread_blocked, id=21900, stack(0x000000f6a3c00000,0x000000f6a3d00000)]
  0x000002e1efc012f0 JavaThread "Unconstrained build operations Thread 13" [_thread_blocked, id=6768, stack(0x000000f6a3d00000,0x000000f6a3e00000)]
  0x000002e1efc01800 JavaThread "Unconstrained build operations Thread 15" [_thread_blocked, id=23644, stack(0x000000f6a3e00000,0x000000f6a3f00000)]
  0x000002e1efbfe560 JavaThread "Unconstrained build operations Thread 16" [_thread_blocked, id=23632, stack(0x000000f6a3f00000,0x000000f6a4000000)]
  0x000002e1efbfe050 JavaThread "Unconstrained build operations Thread 17" [_thread_blocked, id=23656, stack(0x000000f6a4000000,0x000000f6a4100000)]
  0x000002e1efc054c0 JavaThread "Unconstrained build operations Thread 18" [_thread_blocked, id=2760, stack(0x000000f6a4100000,0x000000f6a4200000)]
  0x000002e1efc04080 JavaThread "Unconstrained build operations Thread 19" [_thread_blocked, id=28092, stack(0x000000f6a4200000,0x000000f6a4300000)]
  0x000002e1efc04aa0 JavaThread "Unconstrained build operations Thread 20" [_thread_blocked, id=7104, stack(0x000000f6a4300000,0x000000f6a4400000)]
  0x000002e1efc04fb0 JavaThread "jar transforms Thread 11" [_thread_blocked, id=25788, stack(0x000000f69d300000,0x000000f69d400000)]
  0x000002e1efc03b70 JavaThread "Cache worker for Build Output Cleanup Cache (E:\truluv\node_modules\expo-dev-launcher\expo-dev-launcher-gradle-plugin\.gradle\buildOutputCleanup)" [_thread_blocked, id=24464, stack(0x000000f69d400000,0x000000f69d500000)]
  0x000002e1efc02220 JavaThread "Cache worker for Build Output Cleanup Cache (E:\truluv\node_modules\expo-modules-core\expo-module-gradle-plugin\.gradle\buildOutputCleanup)" [_thread_blocked, id=27448, stack(0x000000f69d500000,0x000000f69d600000)]
  0x000002e1efc03150 JavaThread "build event listener" [_thread_blocked, id=27316, stack(0x000000f6a4500000,0x000000f6a4600000)]
  0x000002e1efc02730 JavaThread "Kotlin DSL Writer" [_thread_blocked, id=13948, stack(0x000000f6a4400000,0x000000f6a4500000)]
  0x000002e1ed8682e0 JavaThread "build event listener" [_thread_blocked, id=19100, stack(0x000000f6a4800000,0x000000f6a4900000)]
  0x000002e1ed869210 JavaThread "File lock release action executor" [_thread_blocked, id=19944, stack(0x000000f6a4900000,0x000000f6a4a00000)]
  0x000002e1ed86c9c0 JavaThread "jar transforms Thread 12" [_thread_blocked, id=18888, stack(0x000000f6a4600000,0x000000f6a4700000)]
  0x000002e1ed86de00 JavaThread "included builds Thread 3" [_thread_blocked, id=20416, stack(0x000000f6a4b00000,0x000000f6a4c00000)]
  0x000002e1ed86ed30 JavaThread "included builds Thread 4" [_thread_blocked, id=23736, stack(0x000000f6a4c00000,0x000000f6a4d00000)]
  0x000002e1ed86ced0 JavaThread "Cache worker for execution history cache (E:\truluv\node_modules\expo-dev-launcher\expo-dev-launcher-gradle-plugin\.gradle\8.14.3\executionHistory)" [_thread_blocked, id=5852, stack(0x000000f6a4d00000,0x000000f6a4e00000)]
  0x000002e1ed86fc60 JavaThread "Cache worker for execution history cache (E:\truluv\node_modules\expo-modules-core\expo-module-gradle-plugin\.gradle\8.14.3\executionHistory)" [_thread_blocked, id=4544, stack(0x000000f6a4e00000,0x000000f6a4f00000)]

Other Threads:
=>0x000002e1ba236160 VMThread "VM Thread" [stack: 0x000000f69dc00000,0x000000f69dd00000] [id=12188]
  0x000002e194fb7490 WatcherThread [stack: 0x000000f69e800000,0x000000f69e900000] [id=27304]
  0x000002e195021500 GCTaskThread "GC Thread#0" [stack: 0x000000f69d700000,0x000000f69d800000] [id=11900]
  0x000002e1ba861870 GCTaskThread "GC Thread#1" [stack: 0x000000f69ea00000,0x000000f69eb00000] [id=9856]
  0x000002e1da08d730 GCTaskThread "GC Thread#2" [stack: 0x000000f69eb00000,0x000000f69ec00000] [id=3032]
  0x000002e1ba8dd850 GCTaskThread "GC Thread#3" [stack: 0x000000f69ec00000,0x000000f69ed00000] [id=11968]
  0x000002e1da27c420 GCTaskThread "GC Thread#4" [stack: 0x000000f69ed00000,0x000000f69ee00000] [id=19824]
  0x000002e1db2f4d80 GCTaskThread "GC Thread#5" [stack: 0x000000f69f800000,0x000000f69f900000] [id=17008]
  0x000002e1db751030 GCTaskThread "GC Thread#6" [stack: 0x000000f69f900000,0x000000f69fa00000] [id=26280]
  0x000002e1db70fa80 GCTaskThread "GC Thread#7" [stack: 0x000000f69fa00000,0x000000f69fb00000] [id=24084]
  0x000002e1db366390 GCTaskThread "GC Thread#8" [stack: 0x000000f69fb00000,0x000000f69fc00000] [id=12912]
  0x000002e1db3ac320 GCTaskThread "GC Thread#9" [stack: 0x000000f69fc00000,0x000000f69fd00000] [id=1428]
  0x000002e195033030 ConcurrentGCThread "G1 Main Marker" [stack: 0x000000f69d800000,0x000000f69d900000] [id=21484]
  0x000002e195036110 ConcurrentGCThread "G1 Conc#0" [stack: 0x000000f69d900000,0x000000f69da00000] [id=28164]
  0x000002e1dbfb0d70 ConcurrentGCThread "G1 Conc#1" [stack: 0x000000f6a0200000,0x000000f6a0300000] [id=22380]
  0x000002e1dbb9f710 ConcurrentGCThread "G1 Conc#2" [stack: 0x000000f6a0300000,0x000000f6a0400000] [id=10452]
  0x000002e19505e6d0 ConcurrentGCThread "G1 Refine#0" [stack: 0x000000f69da00000,0x000000f69db00000] [id=4068]
  0x000002e1dd712e20 ConcurrentGCThread "G1 Refine#1" [stack: 0x000000f6a1900000,0x000000f6a1a00000] [id=26536]
  0x000002e1dd714b80 ConcurrentGCThread "G1 Refine#2" [stack: 0x000000f6a1a00000,0x000000f6a1b00000] [id=24716]
  0x000002e1dd711f70 ConcurrentGCThread "G1 Refine#3" [stack: 0x000000f6a4700000,0x000000f6a4800000] [id=21600]
  0x000002e1edae3440 ConcurrentGCThread "G1 Refine#4" [stack: 0x000000f6a4a00000,0x000000f6a4b00000] [id=18444]
  0x000002e1ba0f5510 ConcurrentGCThread "G1 Service" [stack: 0x000000f69db00000,0x000000f69dc00000] [id=14884]

Threads with active compile tasks:
C2 CompilerThread0  82468 29284   !   4       org.gradle.cache.internal.DefaultFileLockManager$DefaultFileLock::doWriteAction (66 bytes)

VM state: at safepoint (normal execution)

VM Mutex/Monitor currently owned by a thread:  ([mutex/lock_event])
[0x000002e194fafb30] Threads_lock - owner thread: 0x000002e1ba236160
[0x000002e194fb0af0] Heap_lock - owner thread: 0x000002e1efbfea70

Heap address: 0x0000000700000000, size: 4096 MB, Compressed Oops mode: Zero based, Oop shift amount: 3

CDS archive(s) mapped at: [0x000002e1bb000000-0x000002e1bbbb0000-0x000002e1bbbb0000), size 12255232, SharedBaseAddress: 0x000002e1bb000000, ArchiveRelocationMode: 1.
Compressed class space mapped at: 0x000002e1bc000000-0x000002e1d6000000, reserved size: 436207616
Narrow klass base: 0x000002e1bb000000, Narrow klass shift: 0, Narrow klass range: 0x100000000

GC Precious Log:
 CPUs: 12 total, 12 available
 Memory: 5996M
 Large Page Support: Disabled
 NUMA Support: Disabled
 Compressed Oops: Enabled (Zero based)
 Heap Region Size: 2M
 Heap Min Capacity: 8M
 Heap Initial Capacity: 94M
 Heap Max Capacity: 4G
 Pre-touch: Disabled
 Parallel Workers: 10
 Concurrent Workers: 3
 Concurrent Refinement Workers: 10
 Periodic GC: Disabled

Heap:
 garbage-first heap   total 468992K, used 232563K [0x0000000700000000, 0x0000000800000000)
  region size 2048K, 9 young (18432K), 9 survivors (18432K)
 Metaspace       used 162985K, committed 164544K, reserved 622592K
  class space    used 20399K, committed 21184K, reserved 425984K

Heap Regions: E=young(eden), S=young(survivor), O=old, HS=humongous(starts), HC=humongous(continues), CS=collection set, F=free, OA=open archive, CA=closed archive, TAMS=top-at-mark-start (previous, next)
|   0|0x0000000700000000, 0x0000000700200000, 0x0000000700200000|100%|HS|  |TAMS 0x0000000700200000, 0x0000000700200000| Complete 
|   1|0x0000000700200000, 0x0000000700400000, 0x0000000700400000|100%|HC|  |TAMS 0x0000000700400000, 0x0000000700400000| Complete 
|   2|0x0000000700400000, 0x0000000700600000, 0x0000000700600000|100%| O|  |TAMS 0x0000000700600000, 0x0000000700600000| Untracked 
|   3|0x0000000700600000, 0x0000000700800000, 0x0000000700800000|100%| O|  |TAMS 0x0000000700800000, 0x0000000700800000| Untracked 
|   4|0x0000000700800000, 0x0000000700a00000, 0x0000000700a00000|100%| O|  |TAMS 0x0000000700a00000, 0x0000000700a00000| Untracked 
|   5|0x0000000700a00000, 0x0000000700c00000, 0x0000000700c00000|100%| O|  |TAMS 0x0000000700c00000, 0x0000000700c00000| Untracked 
|   6|0x0000000700c00000, 0x0000000700e00000, 0x0000000700e00000|100%| O|  |TAMS 0x0000000700e00000, 0x0000000700e00000| Untracked 
|   7|0x0000000700e00000, 0x0000000701000000, 0x0000000701000000|100%| O|  |TAMS 0x0000000701000000, 0x0000000701000000| Untracked 
|   8|0x0000000701000000, 0x0000000701200000, 0x0000000701200000|100%| O|  |TAMS 0x0000000701200000, 0x0000000701200000| Untracked 
|   9|0x0000000701200000, 0x0000000701400000, 0x0000000701400000|100%| O|  |TAMS 0x0000000701400000, 0x0000000701400000| Untracked 
|  10|0x0000000701400000, 0x0000000701600000, 0x0000000701600000|100%| O|  |TAMS 0x0000000701600000, 0x0000000701600000| Untracked 
|  11|0x0000000701600000, 0x0000000701800000, 0x0000000701800000|100%| O|  |TAMS 0x0000000701800000, 0x0000000701800000| Untracked 
|  12|0x0000000701800000, 0x0000000701a00000, 0x0000000701a00000|100%| O|  |TAMS 0x0000000701a00000, 0x0000000701a00000| Untracked 
|  13|0x0000000701a00000, 0x0000000701c00000, 0x0000000701c00000|100%| O|  |TAMS 0x0000000701c00000, 0x0000000701c00000| Untracked 
|  14|0x0000000701c00000, 0x0000000701e00000, 0x0000000701e00000|100%| O|  |TAMS 0x0000000701e00000, 0x0000000701e00000| Untracked 
|  15|0x0000000701e00000, 0x0000000702000000, 0x0000000702000000|100%| O|  |TAMS 0x0000000702000000, 0x0000000702000000| Untracked 
|  16|0x0000000702000000, 0x0000000702200000, 0x0000000702200000|100%| O|  |TAMS 0x0000000702200000, 0x0000000702200000| Untracked 
|  17|0x0000000702200000, 0x0000000702400000, 0x0000000702400000|100%| O|  |TAMS 0x0000000702400000, 0x0000000702400000| Untracked 
|  18|0x0000000702400000, 0x0000000702600000, 0x0000000702600000|100%| O|  |TAMS 0x0000000702600000, 0x0000000702600000| Untracked 
|  19|0x0000000702600000, 0x0000000702800000, 0x0000000702800000|100%| O|  |TAMS 0x0000000702800000, 0x0000000702800000| Untracked 
|  20|0x0000000702800000, 0x0000000702a00000, 0x0000000702a00000|100%| O|  |TAMS 0x0000000702a00000, 0x0000000702a00000| Untracked 
|  21|0x0000000702a00000, 0x0000000702c00000, 0x0000000702c00000|100%| O|  |TAMS 0x0000000702c00000, 0x0000000702c00000| Untracked 
|  22|0x0000000702c00000, 0x0000000702e00000, 0x0000000702e00000|100%| O|  |TAMS 0x0000000702e00000, 0x0000000702e00000| Untracked 
|  23|0x0000000702e00000, 0x0000000703000000, 0x0000000703000000|100%| O|  |TAMS 0x0000000703000000, 0x0000000703000000| Untracked 
|  24|0x0000000703000000, 0x0000000703200000, 0x0000000703200000|100%| O|  |TAMS 0x0000000703200000, 0x0000000703200000| Untracked 
|  25|0x0000000703200000, 0x0000000703400000, 0x0000000703400000|100%| O|  |TAMS 0x0000000703400000, 0x0000000703400000| Untracked 
|  26|0x0000000703400000, 0x0000000703600000, 0x0000000703600000|100%| O|  |TAMS 0x0000000703600000, 0x0000000703600000| Untracked 
|  27|0x0000000703600000, 0x0000000703800000, 0x0000000703800000|100%| O|  |TAMS 0x0000000703800000, 0x0000000703800000| Untracked 
|  28|0x0000000703800000, 0x0000000703a00000, 0x0000000703a00000|100%| O|  |TAMS 0x0000000703a00000, 0x0000000703a00000| Untracked 
|  29|0x0000000703a00000, 0x0000000703c00000, 0x0000000703c00000|100%| O|  |TAMS 0x0000000703c00000, 0x0000000703c00000| Untracked 
|  30|0x0000000703c00000, 0x0000000703e00000, 0x0000000703e00000|100%| O|  |TAMS 0x0000000703e00000, 0x0000000703e00000| Untracked 
|  31|0x0000000703e00000, 0x0000000704000000, 0x0000000704000000|100%| O|  |TAMS 0x0000000704000000, 0x0000000704000000| Untracked 
|  32|0x0000000704000000, 0x0000000704200000, 0x0000000704200000|100%| O|  |TAMS 0x0000000704200000, 0x0000000704200000| Untracked 
|  33|0x0000000704200000, 0x0000000704400000, 0x0000000704400000|100%| O|  |TAMS 0x0000000704400000, 0x0000000704400000| Untracked 
|  34|0x0000000704400000, 0x0000000704600000, 0x0000000704600000|100%| O|  |TAMS 0x0000000704600000, 0x0000000704600000| Untracked 
|  35|0x0000000704600000, 0x0000000704800000, 0x0000000704800000|100%| O|  |TAMS 0x0000000704800000, 0x0000000704800000| Untracked 
|  36|0x0000000704800000, 0x0000000704a00000, 0x0000000704a00000|100%| O|  |TAMS 0x0000000704a00000, 0x0000000704a00000| Untracked 
|  37|0x0000000704a00000, 0x0000000704c00000, 0x0000000704c00000|100%| O|  |TAMS 0x0000000704c00000, 0x0000000704c00000| Untracked 
|  38|0x0000000704c00000, 0x0000000704e00000, 0x0000000704e00000|100%| O|  |TAMS 0x0000000704e00000, 0x0000000704e00000| Untracked 
|  39|0x0000000704e00000, 0x0000000705000000, 0x0000000705000000|100%|HS|  |TAMS 0x0000000705000000, 0x0000000705000000| Complete 
|  40|0x0000000705000000, 0x0000000705200000, 0x0000000705200000|100%|HC|  |TAMS 0x0000000705200000, 0x0000000705200000| Complete 
|  41|0x0000000705200000, 0x0000000705400000, 0x0000000705400000|100%| O|  |TAMS 0x0000000705400000, 0x0000000705400000| Untracked 
|  42|0x0000000705400000, 0x0000000705600000, 0x0000000705600000|100%| O|  |TAMS 0x0000000705600000, 0x0000000705600000| Untracked 
|  43|0x0000000705600000, 0x0000000705800000, 0x0000000705800000|100%| O|  |TAMS 0x0000000705800000, 0x0000000705800000| Untracked 
|  44|0x0000000705800000, 0x0000000705a00000, 0x0000000705a00000|100%| O|  |TAMS 0x0000000705a00000, 0x0000000705a00000| Untracked 
|  45|0x0000000705a00000, 0x0000000705c00000, 0x0000000705c00000|100%| O|  |TAMS 0x0000000705c00000, 0x0000000705c00000| Untracked 
|  46|0x0000000705c00000, 0x0000000705e00000, 0x0000000705e00000|100%| O|  |TAMS 0x0000000705e00000, 0x0000000705e00000| Untracked 
|  47|0x0000000705e00000, 0x0000000706000000, 0x0000000706000000|100%| O|  |TAMS 0x0000000706000000, 0x0000000706000000| Untracked 
|  48|0x0000000706000000, 0x0000000706200000, 0x0000000706200000|100%| O|  |TAMS 0x0000000706200000, 0x0000000706200000| Untracked 
|  49|0x0000000706200000, 0x0000000706400000, 0x0000000706400000|100%| O|  |TAMS 0x0000000706400000, 0x0000000706400000| Untracked 
|  50|0x0000000706400000, 0x0000000706400000, 0x0000000706600000|  0%| F|  |TAMS 0x0000000706400000, 0x0000000706400000| Untracked 
|  51|0x0000000706600000, 0x0000000706800000, 0x0000000706800000|100%|HS|  |TAMS 0x0000000706800000, 0x0000000706800000| Complete 
|  52|0x0000000706800000, 0x0000000706a00000, 0x0000000706a00000|100%|HC|  |TAMS 0x0000000706a00000, 0x0000000706a00000| Complete 
|  53|0x0000000706a00000, 0x0000000706a00000, 0x0000000706c00000|  0%| F|  |TAMS 0x0000000706a00000, 0x0000000706a00000| Untracked 
|  54|0x0000000706c00000, 0x0000000706e00000, 0x0000000706e00000|100%| O|  |TAMS 0x0000000706e00000, 0x0000000706e00000| Untracked 
|  55|0x0000000706e00000, 0x0000000706e00000, 0x0000000707000000|  0%| F|  |TAMS 0x0000000706e00000, 0x0000000706e00000| Untracked 
|  56|0x0000000707000000, 0x0000000707200000, 0x0000000707200000|100%| O|  |TAMS 0x0000000707200000, 0x0000000707200000| Untracked 
|  57|0x0000000707200000, 0x0000000707400000, 0x0000000707400000|100%| O|  |TAMS 0x0000000707400000, 0x0000000707400000| Untracked 
|  58|0x0000000707400000, 0x0000000707600000, 0x0000000707600000|100%| O|  |TAMS 0x0000000707600000, 0x0000000707600000| Untracked 
|  59|0x0000000707600000, 0x0000000707800000, 0x0000000707800000|100%| O|  |TAMS 0x0000000707800000, 0x0000000707800000| Untracked 
|  60|0x0000000707800000, 0x0000000707a00000, 0x0000000707a00000|100%| O|  |TAMS 0x0000000707a00000, 0x0000000707a00000| Untracked 
|  61|0x0000000707a00000, 0x0000000707c00000, 0x0000000707c00000|100%| O|  |TAMS 0x0000000707c00000, 0x0000000707c00000| Untracked 
|  62|0x0000000707c00000, 0x0000000707e00000, 0x0000000707e00000|100%| O|  |TAMS 0x0000000707e00000, 0x0000000707e00000| Untracked 
|  63|0x0000000707e00000, 0x0000000708000000, 0x0000000708000000|100%| O|  |TAMS 0x0000000708000000, 0x0000000708000000| Untracked 
|  64|0x0000000708000000, 0x0000000708200000, 0x0000000708200000|100%| O|  |TAMS 0x0000000708200000, 0x0000000708200000| Untracked 
|  65|0x0000000708200000, 0x0000000708400000, 0x0000000708400000|100%| O|  |TAMS 0x0000000708400000, 0x0000000708400000| Untracked 
|  66|0x0000000708400000, 0x0000000708600000, 0x0000000708600000|100%| O|  |TAMS 0x0000000708600000, 0x0000000708600000| Untracked 
|  67|0x0000000708600000, 0x0000000708800000, 0x0000000708800000|100%| O|  |TAMS 0x0000000708600000, 0x0000000708800000| Untracked 
|  68|0x0000000708800000, 0x0000000708a00000, 0x0000000708a00000|100%| O|  |TAMS 0x0000000708800000, 0x0000000708a00000| Untracked 
|  69|0x0000000708a00000, 0x0000000708c00000, 0x0000000708c00000|100%| O|  |TAMS 0x0000000708a00000, 0x0000000708c00000| Untracked 
|  70|0x0000000708c00000, 0x0000000708e00000, 0x0000000708e00000|100%| O|  |TAMS 0x0000000708e00000, 0x0000000708e00000| Untracked 
|  71|0x0000000708e00000, 0x0000000709000000, 0x0000000709000000|100%| O|  |TAMS 0x0000000709000000, 0x0000000709000000| Untracked 
|  72|0x0000000709000000, 0x0000000709200000, 0x0000000709200000|100%| O|  |TAMS 0x0000000709200000, 0x0000000709200000| Untracked 
|  73|0x0000000709200000, 0x0000000709400000, 0x0000000709400000|100%| O|  |TAMS 0x0000000709400000, 0x0000000709400000| Untracked 
|  74|0x0000000709400000, 0x0000000709600000, 0x0000000709600000|100%| O|  |TAMS 0x0000000709400000, 0x0000000709600000| Untracked 
|  75|0x0000000709600000, 0x0000000709800000, 0x0000000709800000|100%| O|  |TAMS 0x0000000709600000, 0x0000000709800000| Untracked 
|  76|0x0000000709800000, 0x0000000709a00000, 0x0000000709a00000|100%| O|  |TAMS 0x0000000709800000, 0x0000000709a00000| Untracked 
|  77|0x0000000709a00000, 0x0000000709c00000, 0x0000000709c00000|100%| O|  |TAMS 0x0000000709c00000, 0x0000000709c00000| Untracked 
|  78|0x0000000709c00000, 0x0000000709e00000, 0x0000000709e00000|100%| O|  |TAMS 0x0000000709e00000, 0x0000000709e00000| Untracked 
|  79|0x0000000709e00000, 0x000000070a000000, 0x000000070a000000|100%| O|  |TAMS 0x000000070a000000, 0x000000070a000000| Untracked 
|  80|0x000000070a000000, 0x000000070a200000, 0x000000070a200000|100%| O|  |TAMS 0x000000070a200000, 0x000000070a200000| Untracked 
|  81|0x000000070a200000, 0x000000070a400000, 0x000000070a400000|100%| O|  |TAMS 0x000000070a400000, 0x000000070a400000| Untracked 
|  82|0x000000070a400000, 0x000000070a600000, 0x000000070a600000|100%| O|  |TAMS 0x000000070a600000, 0x000000070a600000| Untracked 
|  83|0x000000070a600000, 0x000000070a800000, 0x000000070a800000|100%| O|  |TAMS 0x000000070a800000, 0x000000070a800000| Untracked 
|  84|0x000000070a800000, 0x000000070aa00000, 0x000000070aa00000|100%| O|  |TAMS 0x000000070aa00000, 0x000000070aa00000| Untracked 
|  85|0x000000070aa00000, 0x000000070ac00000, 0x000000070ac00000|100%| O|  |TAMS 0x000000070ac00000, 0x000000070ac00000| Untracked 
|  86|0x000000070ac00000, 0x000000070ae00000, 0x000000070ae00000|100%| O|  |TAMS 0x000000070ae00000, 0x000000070ae00000| Untracked 
|  87|0x000000070ae00000, 0x000000070b000000, 0x000000070b000000|100%| O|  |TAMS 0x000000070ae46400, 0x000000070b000000| Untracked 
|  88|0x000000070b000000, 0x000000070b200000, 0x000000070b200000|100%| O|  |TAMS 0x000000070b000000, 0x000000070b200000| Untracked 
|  89|0x000000070b200000, 0x000000070b400000, 0x000000070b400000|100%| O|  |TAMS 0x000000070b200000, 0x000000070b400000| Untracked 
|  90|0x000000070b400000, 0x000000070b600000, 0x000000070b600000|100%| O|  |TAMS 0x000000070b400000, 0x000000070b600000| Untracked 
|  91|0x000000070b600000, 0x000000070b800000, 0x000000070b800000|100%| O|  |TAMS 0x000000070b600000, 0x000000070b800000| Untracked 
|  92|0x000000070b800000, 0x000000070ba00000, 0x000000070ba00000|100%| O|  |TAMS 0x000000070b800000, 0x000000070ba00000| Untracked 
|  93|0x000000070ba00000, 0x000000070bc00000, 0x000000070bc00000|100%| O|  |TAMS 0x000000070ba00000, 0x000000070bc00000| Untracked 
|  94|0x000000070bc00000, 0x000000070be00000, 0x000000070be00000|100%| O|  |TAMS 0x000000070bc00000, 0x000000070be00000| Untracked 
|  95|0x000000070be00000, 0x000000070c000000, 0x000000070c000000|100%| O|  |TAMS 0x000000070be00000, 0x000000070c000000| Untracked 
|  96|0x000000070c000000, 0x000000070c000000, 0x000000070c200000|  0%| F|  |TAMS 0x000000070c000000, 0x000000070c000000| Untracked 
|  97|0x000000070c200000, 0x000000070c200000, 0x000000070c400000|  0%| F|  |TAMS 0x000000070c200000, 0x000000070c200000| Untracked 
|  98|0x000000070c400000, 0x000000070c400000, 0x000000070c600000|  0%| F|  |TAMS 0x000000070c400000, 0x000000070c400000| Untracked 
|  99|0x000000070c600000, 0x000000070c800000, 0x000000070c800000|100%| O|  |TAMS 0x000000070c600000, 0x000000070c800000| Untracked 
| 100|0x000000070c800000, 0x000000070ca00000, 0x000000070ca00000|100%| O|  |TAMS 0x000000070c800000, 0x000000070ca00000| Untracked 
| 101|0x000000070ca00000, 0x000000070cc00000, 0x000000070cc00000|100%| O|  |TAMS 0x000000070ca00000, 0x000000070cc00000| Untracked 
| 102|0x000000070cc00000, 0x000000070ce00000, 0x000000070ce00000|100%| O|  |TAMS 0x000000070cc00000, 0x000000070ce00000| Untracked 
| 103|0x000000070ce00000, 0x000000070d000000, 0x000000070d000000|100%| O|  |TAMS 0x000000070ce00000, 0x000000070d000000| Untracked 
| 104|0x000000070d000000, 0x000000070d200000, 0x000000070d200000|100%| O|  |TAMS 0x000000070d000000, 0x000000070d200000| Untracked 
| 105|0x000000070d200000, 0x000000070d400000, 0x000000070d400000|100%| O|  |TAMS 0x000000070d200000, 0x000000070d400000| Untracked 
| 106|0x000000070d400000, 0x000000070d600000, 0x000000070d600000|100%| O|  |TAMS 0x000000070d400000, 0x000000070d600000| Untracked 
| 107|0x000000070d600000, 0x000000070d800000, 0x000000070d800000|100%| O|  |TAMS 0x000000070d600000, 0x000000070d800000| Untracked 
| 108|0x000000070d800000, 0x000000070da00000, 0x000000070da00000|100%| O|  |TAMS 0x000000070d800000, 0x000000070da00000| Untracked 
| 109|0x000000070da00000, 0x000000070dc00000, 0x000000070dc00000|100%| O|  |TAMS 0x000000070da00000, 0x000000070dc00000| Untracked 
| 110|0x000000070dc00000, 0x000000070dddb000, 0x000000070de00000| 92%| O|  |TAMS 0x000000070dc00000, 0x000000070dddb000| Untracked 
| 111|0x000000070de00000, 0x000000070de00000, 0x000000070e000000|  0%| F|  |TAMS 0x000000070de00000, 0x000000070de00000| Untracked 
| 112|0x000000070e000000, 0x000000070e000000, 0x000000070e200000|  0%| F|  |TAMS 0x000000070e000000, 0x000000070e000000| Untracked 
| 113|0x000000070e200000, 0x000000070e200000, 0x000000070e400000|  0%| F|  |TAMS 0x000000070e200000, 0x000000070e200000| Untracked 
| 114|0x000000070e400000, 0x000000070e400000, 0x000000070e600000|  0%| F|  |TAMS 0x000000070e400000, 0x000000070e400000| Untracked 
| 115|0x000000070e600000, 0x000000070e600000, 0x000000070e800000|  0%| F|  |TAMS 0x000000070e600000, 0x000000070e600000| Untracked 
| 116|0x000000070e800000, 0x000000070e800000, 0x000000070ea00000|  0%| F|  |TAMS 0x000000070e800000, 0x000000070e800000| Untracked 
| 117|0x000000070ea00000, 0x000000070ea00000, 0x000000070ec00000|  0%| F|  |TAMS 0x000000070ea00000, 0x000000070ea00000| Untracked 
| 118|0x000000070ec00000, 0x000000070ec00000, 0x000000070ee00000|  0%| F|  |TAMS 0x000000070ec00000, 0x000000070ec00000| Untracked 
| 119|0x000000070ee00000, 0x000000070ee00000, 0x000000070f000000|  0%| F|  |TAMS 0x000000070ee00000, 0x000000070ee00000| Untracked 
| 120|0x000000070f000000, 0x000000070f000000, 0x000000070f200000|  0%| F|  |TAMS 0x000000070f000000, 0x000000070f000000| Untracked 
| 121|0x000000070f200000, 0x000000070f200000, 0x000000070f400000|  0%| F|  |TAMS 0x000000070f200000, 0x000000070f200000| Untracked 
| 122|0x000000070f400000, 0x000000070f400000, 0x000000070f600000|  0%| F|  |TAMS 0x000000070f400000, 0x000000070f400000| Untracked 
| 123|0x000000070f600000, 0x000000070f600000, 0x000000070f800000|  0%| F|  |TAMS 0x000000070f600000, 0x000000070f600000| Untracked 
| 124|0x000000070f800000, 0x000000070f800000, 0x000000070fa00000|  0%| F|  |TAMS 0x000000070f800000, 0x000000070f800000| Untracked 
| 125|0x000000070fa00000, 0x000000070fa00000, 0x000000070fc00000|  0%| F|  |TAMS 0x000000070fa00000, 0x000000070fa00000| Untracked 
| 126|0x000000070fc00000, 0x000000070fc00000, 0x000000070fe00000|  0%| F|  |TAMS 0x000000070fc00000, 0x000000070fc00000| Untracked 
| 127|0x000000070fe00000, 0x000000070fe00000, 0x0000000710000000|  0%| F|  |TAMS 0x000000070fe00000, 0x000000070fe00000| Untracked 
| 128|0x0000000710000000, 0x0000000710000000, 0x0000000710200000|  0%| F|  |TAMS 0x0000000710000000, 0x0000000710000000| Untracked 
| 129|0x0000000710200000, 0x0000000710200000, 0x0000000710400000|  0%| F|  |TAMS 0x0000000710200000, 0x0000000710200000| Untracked 
| 130|0x0000000710400000, 0x0000000710400000, 0x0000000710600000|  0%| F|  |TAMS 0x0000000710400000, 0x0000000710400000| Untracked 
| 131|0x0000000710600000, 0x0000000710600000, 0x0000000710800000|  0%| F|  |TAMS 0x0000000710600000, 0x0000000710600000| Untracked 
| 132|0x0000000710800000, 0x0000000710800000, 0x0000000710a00000|  0%| F|  |TAMS 0x0000000710800000, 0x0000000710800000| Untracked 
| 133|0x0000000710a00000, 0x0000000710a00000, 0x0000000710c00000|  0%| F|  |TAMS 0x0000000710a00000, 0x0000000710a00000| Untracked 
| 134|0x0000000710c00000, 0x0000000710c00000, 0x0000000710e00000|  0%| F|  |TAMS 0x0000000710c00000, 0x0000000710c00000| Untracked 
| 135|0x0000000710e00000, 0x0000000710e00000, 0x0000000711000000|  0%| F|  |TAMS 0x0000000710e00000, 0x0000000710e00000| Untracked 
| 136|0x0000000711000000, 0x0000000711000000, 0x0000000711200000|  0%| F|  |TAMS 0x0000000711000000, 0x0000000711000000| Untracked 
| 137|0x0000000711200000, 0x0000000711200000, 0x0000000711400000|  0%| F|  |TAMS 0x0000000711200000, 0x0000000711200000| Untracked 
| 138|0x0000000711400000, 0x0000000711400000, 0x0000000711600000|  0%| F|  |TAMS 0x0000000711400000, 0x0000000711400000| Untracked 
| 139|0x0000000711600000, 0x0000000711600000, 0x0000000711800000|  0%| F|  |TAMS 0x0000000711600000, 0x0000000711600000| Untracked 
| 140|0x0000000711800000, 0x0000000711800000, 0x0000000711a00000|  0%| F|  |TAMS 0x0000000711800000, 0x0000000711800000| Untracked 
| 141|0x0000000711a00000, 0x0000000711a00000, 0x0000000711c00000|  0%| F|  |TAMS 0x0000000711a00000, 0x0000000711a00000| Untracked 
| 142|0x0000000711c00000, 0x0000000711c00000, 0x0000000711e00000|  0%| F|  |TAMS 0x0000000711c00000, 0x0000000711c00000| Untracked 
| 143|0x0000000711e00000, 0x0000000711e00000, 0x0000000712000000|  0%| F|  |TAMS 0x0000000711e00000, 0x0000000711e00000| Untracked 
| 144|0x0000000712000000, 0x0000000712000000, 0x0000000712200000|  0%| F|  |TAMS 0x0000000712000000, 0x0000000712000000| Untracked 
| 145|0x0000000712200000, 0x0000000712200000, 0x0000000712400000|  0%| F|  |TAMS 0x0000000712200000, 0x0000000712200000| Untracked 
| 146|0x0000000712400000, 0x0000000712400000, 0x0000000712600000|  0%| F|  |TAMS 0x0000000712400000, 0x0000000712400000| Untracked 
| 147|0x0000000712600000, 0x0000000712600000, 0x0000000712800000|  0%| F|  |TAMS 0x0000000712600000, 0x0000000712600000| Untracked 
| 148|0x0000000712800000, 0x0000000712800000, 0x0000000712a00000|  0%| F|  |TAMS 0x0000000712800000, 0x0000000712800000| Untracked 
| 149|0x0000000712a00000, 0x0000000712a00000, 0x0000000712c00000|  0%| F|  |TAMS 0x0000000712a00000, 0x0000000712a00000| Untracked 
| 150|0x0000000712c00000, 0x0000000712c00000, 0x0000000712e00000|  0%| F|  |TAMS 0x0000000712c00000, 0x0000000712c00000| Untracked 
| 151|0x0000000712e00000, 0x0000000712e00000, 0x0000000713000000|  0%| F|  |TAMS 0x0000000712e00000, 0x0000000712e00000| Untracked 
| 152|0x0000000713000000, 0x0000000713000000, 0x0000000713200000|  0%| F|  |TAMS 0x0000000713000000, 0x0000000713000000| Untracked 
| 153|0x0000000713200000, 0x0000000713341ce0, 0x0000000713400000| 62%| S|CS|TAMS 0x0000000713200000, 0x0000000713200000| Complete 
| 154|0x0000000713400000, 0x0000000713600000, 0x0000000713600000|100%| S|CS|TAMS 0x0000000713400000, 0x0000000713400000| Complete 
| 155|0x0000000713600000, 0x0000000713800000, 0x0000000713800000|100%| S|CS|TAMS 0x0000000713600000, 0x0000000713600000| Complete 
| 156|0x0000000713800000, 0x0000000713a00000, 0x0000000713a00000|100%| S|CS|TAMS 0x0000000713800000, 0x0000000713800000| Complete 
| 157|0x0000000713a00000, 0x0000000713c00000, 0x0000000713c00000|100%| S|CS|TAMS 0x0000000713a00000, 0x0000000713a00000| Complete 
| 158|0x0000000713c00000, 0x0000000713e00000, 0x0000000713e00000|100%| S|CS|TAMS 0x0000000713c00000, 0x0000000713c00000| Complete 
| 159|0x0000000713e00000, 0x0000000714000000, 0x0000000714000000|100%| S|CS|TAMS 0x0000000713e00000, 0x0000000713e00000| Complete 
| 160|0x0000000714000000, 0x0000000714200000, 0x0000000714200000|100%| S|CS|TAMS 0x0000000714000000, 0x0000000714000000| Complete 
| 161|0x0000000714200000, 0x0000000714400000, 0x0000000714400000|100%| S|CS|TAMS 0x0000000714200000, 0x0000000714200000| Complete 
| 162|0x0000000714400000, 0x0000000714400000, 0x0000000714600000|  0%| F|  |TAMS 0x0000000714400000, 0x0000000714400000| Untracked 
| 163|0x0000000714600000, 0x0000000714600000, 0x0000000714800000|  0%| F|  |TAMS 0x0000000714600000, 0x0000000714600000| Untracked 
| 164|0x0000000714800000, 0x0000000714800000, 0x0000000714a00000|  0%| F|  |TAMS 0x0000000714800000, 0x0000000714800000| Untracked 
| 165|0x0000000714a00000, 0x0000000714a00000, 0x0000000714c00000|  0%| F|  |TAMS 0x0000000714a00000, 0x0000000714a00000| Untracked 
| 166|0x0000000714c00000, 0x0000000714c00000, 0x0000000714e00000|  0%| F|  |TAMS 0x0000000714c00000, 0x0000000714c00000| Untracked 
| 167|0x0000000714e00000, 0x0000000714e00000, 0x0000000715000000|  0%| F|  |TAMS 0x0000000714e00000, 0x0000000714e00000| Untracked 
| 168|0x0000000715000000, 0x0000000715000000, 0x0000000715200000|  0%| F|  |TAMS 0x0000000715000000, 0x0000000715000000| Untracked 
| 169|0x0000000715200000, 0x0000000715200000, 0x0000000715400000|  0%| F|  |TAMS 0x0000000715200000, 0x0000000715200000| Untracked 
| 170|0x0000000715400000, 0x0000000715400000, 0x0000000715600000|  0%| F|  |TAMS 0x0000000715400000, 0x0000000715400000| Untracked 
| 171|0x0000000715600000, 0x0000000715600000, 0x0000000715800000|  0%| F|  |TAMS 0x0000000715600000, 0x0000000715600000| Untracked 
| 172|0x0000000715800000, 0x0000000715800000, 0x0000000715a00000|  0%| F|  |TAMS 0x0000000715800000, 0x0000000715800000| Untracked 
| 173|0x0000000715a00000, 0x0000000715a00000, 0x0000000715c00000|  0%| F|  |TAMS 0x0000000715a00000, 0x0000000715a00000| Untracked 
| 174|0x0000000715c00000, 0x0000000715c00000, 0x0000000715e00000|  0%| F|  |TAMS 0x0000000715c00000, 0x0000000715c00000| Untracked 
| 175|0x0000000715e00000, 0x0000000715e00000, 0x0000000716000000|  0%| F|  |TAMS 0x0000000715e00000, 0x0000000715e00000| Untracked 
| 176|0x0000000716000000, 0x0000000716000000, 0x0000000716200000|  0%| F|  |TAMS 0x0000000716000000, 0x0000000716000000| Untracked 
| 177|0x0000000716200000, 0x0000000716200000, 0x0000000716400000|  0%| F|  |TAMS 0x0000000716200000, 0x0000000716200000| Untracked 
| 178|0x0000000716400000, 0x0000000716400000, 0x0000000716600000|  0%| F|  |TAMS 0x0000000716400000, 0x0000000716400000| Untracked 
| 179|0x0000000716600000, 0x0000000716600000, 0x0000000716800000|  0%| F|  |TAMS 0x0000000716600000, 0x0000000716600000| Untracked 
| 180|0x0000000716800000, 0x0000000716800000, 0x0000000716a00000|  0%| F|  |TAMS 0x0000000716800000, 0x0000000716800000| Untracked 
| 181|0x0000000716a00000, 0x0000000716a00000, 0x0000000716c00000|  0%| F|  |TAMS 0x0000000716a00000, 0x0000000716a00000| Untracked 
| 182|0x0000000716c00000, 0x0000000716c00000, 0x0000000716e00000|  0%| F|  |TAMS 0x0000000716c00000, 0x0000000716c00000| Untracked 
| 183|0x0000000716e00000, 0x0000000716e00000, 0x0000000717000000|  0%| F|  |TAMS 0x0000000716e00000, 0x0000000716e00000| Untracked 
| 184|0x0000000717000000, 0x0000000717000000, 0x0000000717200000|  0%| F|  |TAMS 0x0000000717000000, 0x0000000717000000| Untracked 
| 185|0x0000000717200000, 0x0000000717200000, 0x0000000717400000|  0%| F|  |TAMS 0x0000000717200000, 0x0000000717200000| Untracked 
| 186|0x0000000717400000, 0x0000000717400000, 0x0000000717600000|  0%| F|  |TAMS 0x0000000717400000, 0x0000000717400000| Untracked 
| 187|0x0000000717600000, 0x0000000717600000, 0x0000000717800000|  0%| F|  |TAMS 0x0000000717600000, 0x0000000717600000| Untracked 
| 188|0x0000000717800000, 0x0000000717800000, 0x0000000717a00000|  0%| F|  |TAMS 0x0000000717800000, 0x0000000717800000| Untracked 
| 189|0x0000000717a00000, 0x0000000717a00000, 0x0000000717c00000|  0%| F|  |TAMS 0x0000000717a00000, 0x0000000717a00000| Untracked 
| 190|0x0000000717c00000, 0x0000000717c00000, 0x0000000717e00000|  0%| F|  |TAMS 0x0000000717c00000, 0x0000000717c00000| Untracked 
| 191|0x0000000717e00000, 0x0000000717e00000, 0x0000000718000000|  0%| F|  |TAMS 0x0000000717e00000, 0x0000000717e00000| Untracked 
| 192|0x0000000718000000, 0x0000000718000000, 0x0000000718200000|  0%| F|  |TAMS 0x0000000718000000, 0x0000000718000000| Untracked 
| 193|0x0000000718200000, 0x0000000718200000, 0x0000000718400000|  0%| F|  |TAMS 0x0000000718200000, 0x0000000718200000| Untracked 
| 194|0x0000000718400000, 0x0000000718400000, 0x0000000718600000|  0%| F|  |TAMS 0x0000000718400000, 0x0000000718400000| Untracked 
| 195|0x0000000718600000, 0x0000000718600000, 0x0000000718800000|  0%| F|  |TAMS 0x0000000718600000, 0x0000000718600000| Untracked 
| 196|0x0000000718800000, 0x0000000718800000, 0x0000000718a00000|  0%| F|  |TAMS 0x0000000718800000, 0x0000000718800000| Untracked 
| 197|0x0000000718a00000, 0x0000000718a00000, 0x0000000718c00000|  0%| F|  |TAMS 0x0000000718a00000, 0x0000000718a00000| Untracked 
| 198|0x0000000718c00000, 0x0000000718c00000, 0x0000000718e00000|  0%| F|  |TAMS 0x0000000718c00000, 0x0000000718c00000| Untracked 
| 199|0x0000000718e00000, 0x0000000718e00000, 0x0000000719000000|  0%| F|  |TAMS 0x0000000718e00000, 0x0000000718e00000| Untracked 
| 200|0x0000000719000000, 0x0000000719000000, 0x0000000719200000|  0%| F|  |TAMS 0x0000000719000000, 0x0000000719000000| Untracked 
| 201|0x0000000719200000, 0x0000000719200000, 0x0000000719400000|  0%| F|  |TAMS 0x0000000719200000, 0x0000000719200000| Untracked 
| 202|0x0000000719400000, 0x0000000719400000, 0x0000000719600000|  0%| F|  |TAMS 0x0000000719400000, 0x0000000719400000| Untracked 
| 203|0x0000000719600000, 0x0000000719600000, 0x0000000719800000|  0%| F|  |TAMS 0x0000000719600000, 0x0000000719600000| Untracked 
| 204|0x0000000719800000, 0x0000000719800000, 0x0000000719a00000|  0%| F|  |TAMS 0x0000000719800000, 0x0000000719800000| Untracked 
| 205|0x0000000719a00000, 0x0000000719a00000, 0x0000000719c00000|  0%| F|  |TAMS 0x0000000719a00000, 0x0000000719a00000| Untracked 
| 206|0x0000000719c00000, 0x0000000719c00000, 0x0000000719e00000|  0%| F|  |TAMS 0x0000000719c00000, 0x0000000719c00000| Untracked 
| 207|0x0000000719e00000, 0x0000000719e00000, 0x000000071a000000|  0%| F|  |TAMS 0x0000000719e00000, 0x0000000719e00000| Untracked 
| 208|0x000000071a000000, 0x000000071a000000, 0x000000071a200000|  0%| F|  |TAMS 0x000000071a000000, 0x000000071a000000| Untracked 
| 209|0x000000071a200000, 0x000000071a200000, 0x000000071a400000|  0%| F|  |TAMS 0x000000071a200000, 0x000000071a200000| Untracked 
| 210|0x000000071a400000, 0x000000071a400000, 0x000000071a600000|  0%| F|  |TAMS 0x000000071a400000, 0x000000071a400000| Untracked 
| 211|0x000000071a600000, 0x000000071a600000, 0x000000071a800000|  0%| F|  |TAMS 0x000000071a600000, 0x000000071a600000| Untracked 
| 212|0x000000071a800000, 0x000000071a800000, 0x000000071aa00000|  0%| F|  |TAMS 0x000000071a800000, 0x000000071a800000| Untracked 
| 213|0x000000071aa00000, 0x000000071aa00000, 0x000000071ac00000|  0%| F|  |TAMS 0x000000071aa00000, 0x000000071aa00000| Untracked 
| 214|0x000000071ac00000, 0x000000071ac00000, 0x000000071ae00000|  0%| F|  |TAMS 0x000000071ac00000, 0x000000071ac00000| Untracked 
| 215|0x000000071ae00000, 0x000000071ae00000, 0x000000071b000000|  0%| F|  |TAMS 0x000000071ae00000, 0x000000071ae00000| Untracked 
| 216|0x000000071b000000, 0x000000071b000000, 0x000000071b200000|  0%| F|  |TAMS 0x000000071b000000, 0x000000071b000000| Untracked 
| 217|0x000000071b200000, 0x000000071b200000, 0x000000071b400000|  0%| F|  |TAMS 0x000000071b200000, 0x000000071b200000| Untracked 
| 218|0x000000071b400000, 0x000000071b400000, 0x000000071b600000|  0%| F|  |TAMS 0x000000071b400000, 0x000000071b400000| Untracked 
| 219|0x000000071b600000, 0x000000071b600000, 0x000000071b800000|  0%| F|  |TAMS 0x000000071b600000, 0x000000071b600000| Untracked 
| 220|0x000000071b800000, 0x000000071b800000, 0x000000071ba00000|  0%| F|  |TAMS 0x000000071b800000, 0x000000071b800000| Untracked 
| 221|0x000000071ba00000, 0x000000071ba00000, 0x000000071bc00000|  0%| F|  |TAMS 0x000000071ba00000, 0x000000071ba00000| Untracked 
| 222|0x000000071bc00000, 0x000000071bc00000, 0x000000071be00000|  0%| F|  |TAMS 0x000000071bc00000, 0x000000071bc00000| Untracked 
| 223|0x000000071be00000, 0x000000071be00000, 0x000000071c000000|  0%| F|  |TAMS 0x000000071be00000, 0x000000071be00000| Untracked 
| 224|0x000000071c000000, 0x000000071c000000, 0x000000071c200000|  0%| F|  |TAMS 0x000000071c000000, 0x000000071c000000| Untracked 
| 225|0x000000071c200000, 0x000000071c200000, 0x000000071c400000|  0%| F|  |TAMS 0x000000071c200000, 0x000000071c200000| Untracked 
| 226|0x000000071c400000, 0x000000071c400000, 0x000000071c600000|  0%| F|  |TAMS 0x000000071c400000, 0x000000071c400000| Untracked 
| 227|0x000000071c600000, 0x000000071c600000, 0x000000071c800000|  0%| F|  |TAMS 0x000000071c600000, 0x000000071c600000| Untracked 
| 228|0x000000071c800000, 0x000000071c800000, 0x000000071ca00000|  0%| F|  |TAMS 0x000000071c800000, 0x000000071c800000| Untracked 

Card table byte_map: [0x000002e1ae790000,0x000002e1aef90000] _byte_map_base: 0x000002e1aaf90000

Marking Bits (Prev, Next): (CMBitMap*) 0x000002e195021a70, (CMBitMap*) 0x000002e195021a30
 Prev Bits: [0x000002e1b3790000, 0x000002e1b7790000)
 Next Bits: [0x000002e1af790000, 0x000002e1b3790000)

Polling page: 0x000002e195060000

Metaspace:

Usage:
  Non-class:    139.24 MB used.
      Class:     19.92 MB used.
       Both:    159.17 MB used.

Virtual space:
  Non-class space:      192.00 MB reserved,     140.00 MB ( 73%) committed,  3 nodes.
      Class space:      416.00 MB reserved,      20.69 MB (  5%) committed,  1 nodes.
             Both:      608.00 MB reserved,     160.69 MB ( 26%) committed. 

Chunk freelists:
   Non-Class:  3.31 MB
       Class:  11.18 MB
        Both:  14.49 MB

MaxMetaspaceSize: 512.00 MB
CompressedClassSpaceSize: 416.00 MB
Initial GC threshold: 21.00 MB
Current GC threshold: 263.12 MB
CDS: on
MetaspaceReclaimPolicy: balanced
 - commit_granule_bytes: 65536.
 - commit_granule_words: 8192.
 - virtual_space_node_default_size: 8388608.
 - enlarge_chunks_in_place: 1.
 - new_chunks_are_fully_committed: 0.
 - uncommit_free_chunks: 1.
 - use_allocation_guard: 0.
 - handle_deallocations: 1.


Internal statistics:

num_allocs_failed_limit: 30.
num_arena_births: 2316.
num_arena_deaths: 8.
num_vsnodes_births: 4.
num_vsnodes_deaths: 0.
num_space_committed: 2569.
num_space_uncommitted: 0.
num_chunks_returned_to_freelist: 46.
num_chunks_taken_from_freelist: 9308.
num_chunk_merges: 28.
num_chunk_splits: 6403.
num_chunks_enlarged: 4409.
num_inconsistent_stats: 0.

CodeHeap 'non-profiled nmethods': size=120000Kb used=16230Kb max_used=16230Kb free=103769Kb
 bounds [0x000002e1a5de0000, 0x000002e1a6dc0000, 0x000002e1ad310000]
CodeHeap 'profiled nmethods': size=120000Kb used=59837Kb max_used=59837Kb free=60162Kb
 bounds [0x000002e19e310000, 0x000002e1a1d90000, 0x000002e1a5840000]
CodeHeap 'non-nmethods': size=5760Kb used=2596Kb max_used=2674Kb free=3163Kb
 bounds [0x000002e1a5840000, 0x000002e1a5ae0000, 0x000002e1a5de0000]
 total_blobs=25689 nmethods=24528 adapters=1070
 compilation: enabled
              stopped_count=0, restarted_count=0
 full_count=0

Compilation events (20 events):
Event: 81.133 Thread 0x000002e1ba268b90 29295       3       org.gradle.api.internal.initialization.DefaultScriptClassPathResolver::isProjectDependency (31 bytes)
Event: 81.134 Thread 0x000002e1ba268b90 nmethod 29295 0x000002e1a1d7de10 code [0x000002e1a1d7dfe0, 0x000002e1a1d7e4d8]
Event: 81.134 Thread 0x000002e1ba268b90 29296       3       org.gradle.api.internal.artifacts.ivyservice.resolveengine.artifact.DefaultResolvedVariantSet::transformCandidate (14 bytes)
Event: 81.134 Thread 0x000002e1ba268b90 nmethod 29296 0x000002e1a1d7e590 code [0x000002e1a1d7e740, 0x000002e1a1d7e8c8]
Event: 81.134 Thread 0x000002e1ba268b90 29297       3       org.gradle.api.internal.artifacts.transform.ResolvedVariantTransformer::transform (41 bytes)
Event: 81.134 Thread 0x000002e1ba268b90 nmethod 29297 0x000002e1a1d7e990 code [0x000002e1a1d7eb60, 0x000002e1a1d7ef18]
Event: 81.134 Thread 0x000002e1ba268b90 29299       3       org.gradle.api.internal.artifacts.transform.DefaultTransformedVariantFactory::locateOrCreate (148 bytes)
Event: 81.137 Thread 0x000002e1ba268b90 nmethod 29299 0x000002e1a1d7f090 code [0x000002e1a1d7f320, 0x000002e1a1d80208]
Event: 81.137 Thread 0x000002e1ba268b90 29298       3       org.gradle.api.internal.artifacts.transform.DefaultTransformedVariantFactory$VariantKey::<init> (15 bytes)
Event: 81.137 Thread 0x000002e1ba268b90 nmethod 29298 0x000002e1a1d80790 code [0x000002e1a1d80940, 0x000002e1a1d80b78]
Event: 81.140 Thread 0x000002e1ba268b90 29300       1       org.gradle.composite.internal.CompositeProjectComponentArtifactMetadata::getComponentIdentifier (5 bytes)
Event: 81.140 Thread 0x000002e1ba268b90 nmethod 29300 0x000002e1a6db9510 code [0x000002e1a6db96a0, 0x000002e1a6db9778]
Event: 81.142 Thread 0x000002e1ba268b90 29301       1       org.gradle.internal.component.local.model.LocalVariantMetadata::isEligibleForCaching (2 bytes)
Event: 81.143 Thread 0x000002e1ba268b90 nmethod 29301 0x000002e1a6db9810 code [0x000002e1a6db99a0, 0x000002e1a6db9a78]
Event: 81.146 Thread 0x000002e1ba268b90 29302       3       org.gradle.api.internal.initialization.DefaultScriptClassPathResolver$$Lambda$1162/0x000002e1bc7b6870::isSatisfiedBy (8 bytes)
Event: 81.147 Thread 0x000002e1ba268b90 nmethod 29302 0x000002e1a1d80c10 code [0x000002e1a1d80e00, 0x000002e1a1d813c8]
Event: 81.147 Thread 0x000002e1ba268b90 29303       3       org.gradle.api.internal.initialization.DefaultScriptClassPathResolver::lambda$getAnalysisResult$3 (13 bytes)
Event: 81.147 Thread 0x000002e1ba268b90 nmethod 29303 0x000002e1a1d81510 code [0x000002e1a1d816e0, 0x000002e1a1d81b08]
Event: 81.147 Thread 0x000002e1ba268b90 29304       3       org.gradle.api.internal.artifacts.ivyservice.resolveengine.artifact.CompositeResolvedArtifactSet::of (101 bytes)
Event: 81.148 Thread 0x000002e1ba268b90 nmethod 29304 0x000002e1a1d81c10 code [0x000002e1a1d81ee0, 0x000002e1a1d83228]

GC Heap History (20 events):
Event: 42.323 GC heap after
{Heap after GC invocations=32 (full 0):
 garbage-first heap   total 389120K, used 127066K [0x0000000700000000, 0x0000000800000000)
  region size 2048K, 2 young (4096K), 2 survivors (4096K)
 Metaspace       used 142779K, committed 143936K, reserved 557056K
  class space    used 17957K, committed 18496K, reserved 425984K
}
Event: 45.166 GC heap before
{Heap before GC invocations=32 (full 0):
 garbage-first heap   total 389120K, used 331866K [0x0000000700000000, 0x0000000800000000)
  region size 2048K, 93 young (190464K), 2 survivors (4096K)
 Metaspace       used 147679K, committed 148800K, reserved 557056K
  class space    used 18602K, committed 19136K, reserved 425984K
}
Event: 45.200 GC heap after
{Heap after GC invocations=33 (full 0):
 garbage-first heap   total 389120K, used 157379K [0x0000000700000000, 0x0000000800000000)
  region size 2048K, 12 young (24576K), 12 survivors (24576K)
 Metaspace       used 147679K, committed 148800K, reserved 557056K
  class space    used 18602K, committed 19136K, reserved 425984K
}
Event: 48.071 GC heap before
{Heap before GC invocations=33 (full 0):
 garbage-first heap   total 389120K, used 302787K [0x0000000700000000, 0x0000000800000000)
  region size 2048K, 84 young (172032K), 12 survivors (24576K)
 Metaspace       used 150464K, committed 151680K, reserved 622592K
  class space    used 18918K, committed 19520K, reserved 425984K
}
Event: 48.105 GC heap after
{Heap after GC invocations=34 (full 0):
 garbage-first heap   total 389120K, used 156399K [0x0000000700000000, 0x0000000800000000)
  region size 2048K, 3 young (6144K), 3 survivors (6144K)
 Metaspace       used 150464K, committed 151680K, reserved 622592K
  class space    used 18918K, committed 19520K, reserved 425984K
}
Event: 50.593 GC heap before
{Heap before GC invocations=34 (full 0):
 garbage-first heap   total 389120K, used 307951K [0x0000000700000000, 0x0000000800000000)
  region size 2048K, 78 young (159744K), 3 survivors (6144K)
 Metaspace       used 151312K, committed 152576K, reserved 622592K
  class space    used 18980K, committed 19584K, reserved 425984K
}
Event: 50.610 GC heap after
{Heap after GC invocations=35 (full 0):
 garbage-first heap   total 389120K, used 158300K [0x0000000700000000, 0x0000000800000000)
  region size 2048K, 4 young (8192K), 4 survivors (8192K)
 Metaspace       used 151312K, committed 152576K, reserved 622592K
  class space    used 18980K, committed 19584K, reserved 425984K
}
Event: 56.090 GC heap before
{Heap before GC invocations=35 (full 0):
 garbage-first heap   total 389120K, used 315996K [0x0000000700000000, 0x0000000800000000)
  region size 2048K, 81 young (165888K), 4 survivors (8192K)
 Metaspace       used 155169K, committed 156480K, reserved 622592K
  class space    used 19506K, committed 20160K, reserved 425984K
}
Event: 56.132 GC heap after
{Heap after GC invocations=36 (full 0):
 garbage-first heap   total 389120K, used 153767K [0x0000000700000000, 0x0000000800000000)
  region size 2048K, 5 young (10240K), 5 survivors (10240K)
 Metaspace       used 155169K, committed 156480K, reserved 622592K
  class space    used 19506K, committed 20160K, reserved 425984K
}
Event: 66.778 GC heap before
{Heap before GC invocations=36 (full 0):
 garbage-first heap   total 389120K, used 323751K [0x0000000700000000, 0x0000000800000000)
  region size 2048K, 86 young (176128K), 5 survivors (10240K)
 Metaspace       used 159662K, committed 161088K, reserved 622592K
  class space    used 20154K, committed 20864K, reserved 425984K
}
Event: 66.831 GC heap after
{Heap after GC invocations=37 (full 0):
 garbage-first heap   total 389120K, used 164071K [0x0000000700000000, 0x0000000800000000)
  region size 2048K, 10 young (20480K), 10 survivors (20480K)
 Metaspace       used 159662K, committed 161088K, reserved 622592K
  class space    used 20154K, committed 20864K, reserved 425984K
}
Event: 68.953 GC heap before
{Heap before GC invocations=37 (full 0):
 garbage-first heap   total 389120K, used 327911K [0x0000000700000000, 0x0000000800000000)
  region size 2048K, 85 young (174080K), 10 survivors (20480K)
 Metaspace       used 159806K, committed 161216K, reserved 622592K
  class space    used 20154K, committed 20864K, reserved 425984K
}
Event: 69.102 GC heap after
{Heap after GC invocations=38 (full 0):
 garbage-first heap   total 389120K, used 194841K [0x0000000700000000, 0x0000000800000000)
  region size 2048K, 11 young (22528K), 11 survivors (22528K)
 Metaspace       used 159806K, committed 161216K, reserved 622592K
  class space    used 20154K, committed 20864K, reserved 425984K
}
Event: 71.075 GC heap before
{Heap before GC invocations=38 (full 0):
 garbage-first heap   total 389120K, used 260377K [0x0000000700000000, 0x0000000800000000)
  region size 2048K, 44 young (90112K), 11 survivors (22528K)
 Metaspace       used 160137K, committed 161664K, reserved 622592K
  class space    used 20168K, committed 20928K, reserved 425984K
}
Event: 71.127 GC heap after
{Heap after GC invocations=39 (full 0):
 garbage-first heap   total 389120K, used 197640K [0x0000000700000000, 0x0000000800000000)
  region size 2048K, 5 young (10240K), 5 survivors (10240K)
 Metaspace       used 160137K, committed 161664K, reserved 622592K
  class space    used 20168K, committed 20928K, reserved 425984K
}
Event: 72.420 GC heap before
{Heap before GC invocations=40 (full 0):
 garbage-first heap   total 468992K, used 318472K [0x0000000700000000, 0x0000000800000000)
  region size 2048K, 58 young (118784K), 5 survivors (10240K)
 Metaspace       used 160211K, committed 161728K, reserved 622592K
  class space    used 20180K, committed 20928K, reserved 425984K
}
Event: 72.463 GC heap after
{Heap after GC invocations=41 (full 0):
 garbage-first heap   total 468992K, used 224796K [0x0000000700000000, 0x0000000800000000)
  region size 2048K, 8 young (16384K), 8 survivors (16384K)
 Metaspace       used 160211K, committed 161728K, reserved 622592K
  class space    used 20180K, committed 20928K, reserved 425984K
}
Event: 72.745 GC heap before
{Heap before GC invocations=41 (full 0):
 garbage-first heap   total 468992K, used 230940K [0x0000000700000000, 0x0000000800000000)
  region size 2048K, 11 young (22528K), 8 survivors (16384K)
 Metaspace       used 160212K, committed 161728K, reserved 622592K
  class space    used 20180K, committed 20928K, reserved 425984K
}
Event: 72.777 GC heap after
{Heap after GC invocations=42 (full 0):
 garbage-first heap   total 468992K, used 223084K [0x0000000700000000, 0x0000000800000000)
  region size 2048K, 1 young (2048K), 1 survivors (2048K)
 Metaspace       used 160212K, committed 161728K, reserved 622592K
  class space    used 20180K, committed 20928K, reserved 425984K
}
Event: 81.149 GC heap before
{Heap before GC invocations=42 (full 0):
 garbage-first heap   total 468992K, used 356204K [0x0000000700000000, 0x0000000800000000)
  region size 2048K, 67 young (137216K), 1 survivors (2048K)
 Metaspace       used 162985K, committed 164544K, reserved 622592K
  class space    used 20399K, committed 21184K, reserved 425984K
}

Dll operation events (15 events):
Event: 0.012 Loaded shared library C:\Program Files\Eclipse Adoptium\jdk-17.0.17.10-hotspot\bin\java.dll
Event: 0.033 Loaded shared library C:\Program Files\Eclipse Adoptium\jdk-17.0.17.10-hotspot\bin\jsvml.dll
Event: 0.081 Loaded shared library C:\Program Files\Eclipse Adoptium\jdk-17.0.17.10-hotspot\bin\zip.dll
Event: 0.085 Loaded shared library C:\Program Files\Eclipse Adoptium\jdk-17.0.17.10-hotspot\bin\instrument.dll
Event: 0.090 Loaded shared library C:\Program Files\Eclipse Adoptium\jdk-17.0.17.10-hotspot\bin\net.dll
Event: 0.092 Loaded shared library C:\Program Files\Eclipse Adoptium\jdk-17.0.17.10-hotspot\bin\nio.dll
Event: 0.094 Loaded shared library C:\Program Files\Eclipse Adoptium\jdk-17.0.17.10-hotspot\bin\zip.dll
Event: 0.293 Loaded shared library C:\Program Files\Eclipse Adoptium\jdk-17.0.17.10-hotspot\bin\jimage.dll
Event: 0.421 Loaded shared library C:\Program Files\Eclipse Adoptium\jdk-17.0.17.10-hotspot\bin\verify.dll
Event: 0.506 Loaded shared library C:\Users\LENOVO\.gradle\native\1def1411415f61bf3af743bc5b6707747c0891f09f0c88961ee8f79bc544acac\windows-amd64\native-platform.dll
Event: 0.525 Loaded shared library C:\Users\LENOVO\.gradle\native\0.2.7\x86_64-windows-gnu\gradle-fileevents.dll
Event: 1.320 Loaded shared library C:\Program Files\Eclipse Adoptium\jdk-17.0.17.10-hotspot\bin\management.dll
Event: 1.325 Loaded shared library C:\Program Files\Eclipse Adoptium\jdk-17.0.17.10-hotspot\bin\management_ext.dll
Event: 1.574 Loaded shared library C:\Program Files\Eclipse Adoptium\jdk-17.0.17.10-hotspot\bin\extnet.dll
Event: 1.819 Loaded shared library C:\Program Files\Eclipse Adoptium\jdk-17.0.17.10-hotspot\bin\sunmscapi.dll

Deoptimization events (20 events):
Event: 80.442 Thread 0x000002e1ed86de00 DEOPT PACKING pc=0x000002e1a69a85e8 sp=0x000000f6a4bfaa40
Event: 80.442 Thread 0x000002e1ed86de00 DEOPT UNPACKING pc=0x000002e1a58969a3 sp=0x000000f6a4bfa9b8 mode 2
Event: 80.516 Thread 0x000002e1ed86ed30 Uncommon trap: trap_request=0xffffff45 fr.pc=0x000002e1a6ccf570 relative=0x0000000000002d10
Event: 80.516 Thread 0x000002e1ed86ed30 Uncommon trap: reason=unstable_if action=reinterpret pc=0x000002e1a6ccf570 method=sun.nio.ch.Util$BufferCache.get(I)Ljava/nio/ByteBuffer; @ 47 c2
Event: 80.516 Thread 0x000002e1ed86ed30 DEOPT PACKING pc=0x000002e1a6ccf570 sp=0x000000f6a4cf9910
Event: 80.517 Thread 0x000002e1ed86ed30 DEOPT UNPACKING pc=0x000002e1a58969a3 sp=0x000000f6a4cf9540 mode 2
Event: 80.752 Thread 0x000002e1efc008d0 DEOPT PACKING pc=0x000002e19fcf9f01 sp=0x000000f6a36faae0
Event: 80.752 Thread 0x000002e1efc008d0 DEOPT UNPACKING pc=0x000002e1a5897143 sp=0x000000f6a36f9fa8 mode 0
Event: 80.857 Thread 0x000002e1efc008d0 Uncommon trap: trap_request=0xffffff45 fr.pc=0x000002e1a6c294a0 relative=0x0000000000000760
Event: 80.857 Thread 0x000002e1efc008d0 Uncommon trap: reason=unstable_if action=reinterpret pc=0x000002e1a6c294a0 method=com.google.common.cache.LocalCache$Segment.recordRead(Lcom/google/common/cache/ReferenceEntry;J)V @ 7 c2
Event: 80.857 Thread 0x000002e1efc008d0 DEOPT PACKING pc=0x000002e1a6c294a0 sp=0x000000f6a36f9570
Event: 80.857 Thread 0x000002e1efc008d0 DEOPT UNPACKING pc=0x000002e1a58969a3 sp=0x000000f6a36f94c0 mode 2
Event: 80.896 Thread 0x000002e1ed86de00 Uncommon trap: trap_request=0xffffff45 fr.pc=0x000002e1a62c7688 relative=0x00000000000004c8
Event: 80.896 Thread 0x000002e1ed86de00 Uncommon trap: reason=unstable_if action=reinterpret pc=0x000002e1a62c7688 method=com.google.common.cache.LocalCache$Segment.expireEntries(J)V @ 84 c2
Event: 80.896 Thread 0x000002e1ed86de00 DEOPT PACKING pc=0x000002e1a62c7688 sp=0x000000f6a4bf94a0
Event: 80.896 Thread 0x000002e1ed86de00 DEOPT UNPACKING pc=0x000002e1a58969a3 sp=0x000000f6a4bf93f8 mode 2
Event: 81.041 Thread 0x000002e1dabf42f0 Uncommon trap: trap_request=0xffffff45 fr.pc=0x000002e1a6838e6c relative=0x000000000000020c
Event: 81.041 Thread 0x000002e1dabf42f0 Uncommon trap: reason=unstable_if action=reinterpret pc=0x000002e1a6838e6c method=org.gradle.cache.internal.LockOnDemandCrossProcessCacheAccess.decrementLockCount()V @ 54 c2
Event: 81.041 Thread 0x000002e1dabf42f0 DEOPT PACKING pc=0x000002e1a6838e6c sp=0x000000f69f4f6ca0
Event: 81.041 Thread 0x000002e1dabf42f0 DEOPT UNPACKING pc=0x000002e1a58969a3 sp=0x000000f69f4f6c60 mode 2

Classes loaded (20 events):
Event: 55.932 Loading class java/util/stream/ReferencePipeline$15$1
Event: 55.933 Loading class java/util/stream/ReferencePipeline$15$1 done
Event: 57.114 Loading class java/util/stream/ReduceOps$6
Event: 57.115 Loading class java/util/stream/ReduceOps$6 done
Event: 57.115 Loading class java/util/stream/ReduceOps$5ReducingSink
Event: 57.116 Loading class java/util/stream/ReduceOps$5ReducingSink done
Event: 59.983 Loading class java/util/concurrent/ConcurrentLinkedQueue$Itr
Event: 59.986 Loading class java/util/concurrent/ConcurrentLinkedQueue$Itr done
Event: 61.976 Loading class java/util/Currency
Event: 61.984 Loading class java/util/Currency done
Event: 61.993 Loading class java/util/concurrent/atomic/AtomicLongArray
Event: 61.996 Loading class java/util/concurrent/atomic/AtomicLongArray done
Event: 62.086 Loading class java/util/AbstractMap$2
Event: 62.089 Loading class java/util/AbstractMap$2 done
Event: 62.089 Loading class java/util/AbstractMap$2$1
Event: 62.090 Loading class java/util/AbstractMap$2$1 done
Event: 79.303 Loading class java/util/Collections$ReverseComparator
Event: 79.304 Loading class java/util/Collections$ReverseComparator done
Event: 79.304 Loading class java/util/Collections$ReverseComparator2
Event: 79.304 Loading class java/util/Collections$ReverseComparator2 done

Classes unloaded (15 events):
Event: 13.350 Thread 0x000002e1ba236160 Unloading class 0x000002e1bc54c3e8 '_BuildScript_$_run_closure1$_closure2'
Event: 13.350 Thread 0x000002e1ba236160 Unloading class 0x000002e1bc54c000 '_BuildScript_$_run_closure1'
Event: 13.350 Thread 0x000002e1ba236160 Unloading class 0x000002e1bc544000 '_BuildScript_'
Event: 15.613 Thread 0x000002e1ba236160 Unloading class 0x000002e1bc624000 '_BuildScript_'
Event: 15.613 Thread 0x000002e1ba236160 Unloading class 0x000002e1bc61d918 '_BuildScript_$_run_closure1$_closure2'
Event: 15.613 Thread 0x000002e1ba236160 Unloading class 0x000002e1bc61d530 '_BuildScript_$_run_closure1'
Event: 15.613 Thread 0x000002e1ba236160 Unloading class 0x000002e1bc61d000 '_BuildScript_'
Event: 15.613 Thread 0x000002e1ba236160 Unloading class 0x000002e1bc61a000 '_BuildScript_$_run_closure1$_closure2'
Event: 15.613 Thread 0x000002e1ba236160 Unloading class 0x000002e1bc619918 '_BuildScript_$_run_closure1'
Event: 15.613 Thread 0x000002e1ba236160 Unloading class 0x000002e1bc6193e8 '_BuildScript_'
Event: 15.613 Thread 0x000002e1ba236160 Unloading class 0x000002e1bc619000 'ProtobufPatchPlugin$_apply_closure1$_closure2$_closure3$_closure4'
Event: 15.613 Thread 0x000002e1ba236160 Unloading class 0x000002e1bc618a98 'ProtobufPatchPlugin$_apply_closure1$_closure2$_closure3'
Event: 15.613 Thread 0x000002e1ba236160 Unloading class 0x000002e1bc6186b0 'ProtobufPatchPlugin$_apply_closure1$_closure2'
Event: 15.613 Thread 0x000002e1ba236160 Unloading class 0x000002e1bc6182c8 'ProtobufPatchPlugin$_apply_closure1'
Event: 15.613 Thread 0x000002e1ba236160 Unloading class 0x000002e1bc618000 'ProtobufPatchPlugin'

Classes redefined (0 events):
No events

Internal exceptions (20 events):
Event: 78.492 Thread 0x000002e1dabf42f0 Exception <a 'java/lang/ClassNotFoundException'{0x000000071777b750}: org/gradle/api/internal/artifacts/dsl/dependencies/DefaultDependencyHandler_DecoratedBeanInfo> (0x000000071777b750) 
thrown [s\src\hotspot\share\classfile\systemDictionary.cpp, line 256]
Event: 78.495 Thread 0x000002e1dabf42f0 Exception <a 'java/lang/ClassNotFoundException'{0x0000000717797300}: org/gradle/api/internal/artifacts/dsl/dependencies/DefaultDependencyHandlerBeanInfo> (0x0000000717797300) 
thrown [s\src\hotspot\share\classfile\systemDictionary.cpp, line 256]
Event: 78.497 Thread 0x000002e1dabf42f0 Exception <a 'java/lang/ClassNotFoundException'{0x00000007177b2e88}: org/gradle/api/internal/artifacts/dsl/dependencies/DefaultDependencyHandlerCustomizer> (0x00000007177b2e88) 
thrown [s\src\hotspot\share\classfile\systemDictionary.cpp, line 256]
Event: 78.501 Thread 0x000002e1dabf42f0 Exception <a 'java/lang/ClassNotFoundException'{0x0000000717402108}: org/gradle/api/internal/artifacts/dsl/dependencies/DefaultDependencyHandler_DecoratedCustomizer> (0x0000000717402108) 
thrown [s\src\hotspot\share\classfile\systemDictionary.cpp, line 256]
Event: 80.367 Thread 0x000002e1efbfdb40 Exception <a 'sun/nio/fs/WindowsException'{0x0000000715b0e2b8}> (0x0000000715b0e2b8) 
thrown [s\src\hotspot\share\prims\jni.cpp, line 516]
Event: 80.368 Thread 0x000002e1efbfdb40 Exception <a 'sun/nio/fs/WindowsException'{0x0000000715b10b18}> (0x0000000715b10b18) 
thrown [s\src\hotspot\share\prims\jni.cpp, line 516]
Event: 80.368 Thread 0x000002e1efbfdb40 Exception <a 'sun/nio/fs/WindowsException'{0x0000000715b13138}> (0x0000000715b13138) 
thrown [s\src\hotspot\share\prims\jni.cpp, line 516]
Event: 80.369 Thread 0x000002e1efbfdb40 Exception <a 'sun/nio/fs/WindowsException'{0x0000000715b15590}> (0x0000000715b15590) 
thrown [s\src\hotspot\share\prims\jni.cpp, line 516]
Event: 80.673 Thread 0x000002e1ed86ed30 Exception <a 'sun/nio/fs/WindowsException'{0x00000007153d5bc0}> (0x00000007153d5bc0) 
thrown [s\src\hotspot\share\prims\jni.cpp, line 516]
Event: 80.673 Thread 0x000002e1ed86ed30 Exception <a 'sun/nio/fs/WindowsException'{0x00000007153d82c0}> (0x00000007153d82c0) 
thrown [s\src\hotspot\share\prims\jni.cpp, line 516]
Event: 80.674 Thread 0x000002e1ed86ed30 Exception <a 'sun/nio/fs/WindowsException'{0x00000007153da660}> (0x00000007153da660) 
thrown [s\src\hotspot\share\prims\jni.cpp, line 516]
Event: 80.674 Thread 0x000002e1ed86ed30 Exception <a 'sun/nio/fs/WindowsException'{0x00000007153dc6d8}> (0x00000007153dc6d8) 
thrown [s\src\hotspot\share\prims\jni.cpp, line 516]
Event: 80.888 Thread 0x000002e1efc008d0 Exception <a 'sun/nio/fs/WindowsException'{0x0000000714a972b8}> (0x0000000714a972b8) 
thrown [s\src\hotspot\share\prims\jni.cpp, line 516]
Event: 80.888 Thread 0x000002e1efc008d0 Exception <a 'sun/nio/fs/WindowsException'{0x0000000714a997d0}> (0x0000000714a997d0) 
thrown [s\src\hotspot\share\prims\jni.cpp, line 516]
Event: 80.889 Thread 0x000002e1efc008d0 Exception <a 'sun/nio/fs/WindowsException'{0x0000000714a9bb18}> (0x0000000714a9bb18) 
thrown [s\src\hotspot\share\prims\jni.cpp, line 516]
Event: 80.889 Thread 0x000002e1efc008d0 Exception <a 'sun/nio/fs/WindowsException'{0x0000000714a9da68}> (0x0000000714a9da68) 
thrown [s\src\hotspot\share\prims\jni.cpp, line 516]
Event: 80.936 Thread 0x000002e1efbff9a0 Exception <a 'sun/nio/fs/WindowsException'{0x000000071485dd10}> (0x000000071485dd10) 
thrown [s\src\hotspot\share\prims\jni.cpp, line 516]
Event: 80.937 Thread 0x000002e1efbff9a0 Exception <a 'sun/nio/fs/WindowsException'{0x000000071485ff58}> (0x000000071485ff58) 
thrown [s\src\hotspot\share\prims\jni.cpp, line 516]
Event: 80.937 Thread 0x000002e1efbff9a0 Exception <a 'sun/nio/fs/WindowsException'{0x0000000714861ec0}> (0x0000000714861ec0) 
thrown [s\src\hotspot\share\prims\jni.cpp, line 516]
Event: 80.938 Thread 0x000002e1efbff9a0 Exception <a 'sun/nio/fs/WindowsException'{0x0000000714863b00}> (0x0000000714863b00) 
thrown [s\src\hotspot\share\prims\jni.cpp, line 516]

VM Operations (20 events):
Event: 76.699 Executing VM operation: ICBufferFull done
Event: 77.648 Executing VM operation: HandshakeAllThreads
Event: 77.650 Executing VM operation: HandshakeAllThreads done
Event: 77.965 Executing VM operation: ICBufferFull
Event: 77.966 Executing VM operation: ICBufferFull done
Event: 78.324 Executing VM operation: HandshakeAllThreads
Event: 78.324 Executing VM operation: HandshakeAllThreads done
Event: 78.673 Executing VM operation: HandshakeAllThreads
Event: 78.673 Executing VM operation: HandshakeAllThreads done
Event: 79.525 Executing VM operation: ICBufferFull
Event: 79.526 Executing VM operation: ICBufferFull done
Event: 79.715 Executing VM operation: HandshakeAllThreads
Event: 79.715 Executing VM operation: HandshakeAllThreads done
Event: 79.837 Executing VM operation: ICBufferFull
Event: 79.837 Executing VM operation: ICBufferFull done
Event: 80.309 Executing VM operation: ICBufferFull
Event: 80.310 Executing VM operation: ICBufferFull done
Event: 81.149 Executing VM operation: ICBufferFull
Event: 81.149 Executing VM operation: ICBufferFull done
Event: 81.149 Executing VM operation: G1CollectForAllocation

Memory protections (0 events):
No events

Nmethod flushes (20 events):
Event: 78.399 Thread 0x000002e1ba274440 flushing  nmethod 0x000002e1a06e5f10
Event: 78.399 Thread 0x000002e1ba274440 flushing  nmethod 0x000002e1a06e8910
Event: 78.399 Thread 0x000002e1ba274440 flushing  nmethod 0x000002e1a06ea990
Event: 78.399 Thread 0x000002e1ba274440 flushing  nmethod 0x000002e1a06ebb90
Event: 78.399 Thread 0x000002e1ba274440 flushing  nmethod 0x000002e1a0700010
Event: 78.399 Thread 0x000002e1ba274440 flushing  nmethod 0x000002e1a070a690
Event: 78.400 Thread 0x000002e1ba274440 flushing  nmethod 0x000002e1a070e510
Event: 78.400 Thread 0x000002e1ba274440 flushing  nmethod 0x000002e1a070e990
Event: 78.400 Thread 0x000002e1ba274440 flushing  nmethod 0x000002e1a0712190
Event: 78.401 Thread 0x000002e1ba274440 flushing  nmethod 0x000002e1a0796f10
Event: 78.403 Thread 0x000002e1ba274440 flushing  nmethod 0x000002e1a08af790
Event: 78.405 Thread 0x000002e1ba274440 flushing  nmethod 0x000002e1a0b56b90
Event: 78.406 Thread 0x000002e1ba274440 flushing  nmethod 0x000002e1a0bd6c10
Event: 78.406 Thread 0x000002e1ba274440 flushing  nmethod 0x000002e1a0bd9190
Event: 78.406 Thread 0x000002e1ba274440 flushing  nmethod 0x000002e1a0bd9990
Event: 78.407 Thread 0x000002e1ba274440 flushing  nmethod 0x000002e1a0d4d510
Event: 78.413 Thread 0x000002e1ba274440 flushing  nmethod 0x000002e1a10f2210
Event: 78.416 Thread 0x000002e1ba274440 flushing  nmethod 0x000002e1a13c4b10
Event: 78.421 Thread 0x000002e1ba274440 flushing  nmethod 0x000002e1a16c2190
Event: 78.423 Thread 0x000002e1ba274440 flushing  nmethod 0x000002e1a188da10

Events (20 events):
Event: 65.351 Thread 0x000002e1edb97730 Thread exited: 0x000002e1edb97730
Event: 65.680 Thread 0x000002e1ba268b90 Thread added: 0x000002e1edb98720
Event: 65.733 Thread 0x000002e1dabf42f0 Thread added: 0x000002e1efc03150
Event: 66.082 Thread 0x000002e1edb98720 Thread exited: 0x000002e1edb98720
Event: 66.360 Thread 0x000002e1dabf42f0 Thread added: 0x000002e1efc02730
Event: 66.448 Thread 0x000002e1ba268b90 Thread added: 0x000002e1edb97730
Event: 66.448 Thread 0x000002e1ba268b90 Thread added: 0x000002e1edb99c60
Event: 67.900 Thread 0x000002e1edb97730 Thread exited: 0x000002e1edb97730
Event: 67.900 Thread 0x000002e1edb99c60 Thread exited: 0x000002e1edb99c60
Event: 68.002 Thread 0x000002e1ba25c9b0 Thread added: 0x000002e1edb97730
Event: 68.002 Thread 0x000002e1ba25c9b0 Thread added: 0x000002e1edb99c60
Event: 68.108 Thread 0x000002e1edb99c60 Thread exited: 0x000002e1edb99c60
Event: 70.804 Thread 0x000002e1dabf42f0 Thread added: 0x000002e1ed8682e0
Event: 71.457 Thread 0x000002e1dabf1f80 Thread added: 0x000002e1ed869210
Event: 77.117 Thread 0x000002e1edb97730 Thread exited: 0x000002e1edb97730
Event: 78.304 Thread 0x000002e1dabf42f0 Thread added: 0x000002e1ed86c9c0
Event: 79.970 Thread 0x000002e1dabf42f0 Thread added: 0x000002e1ed86de00
Event: 79.970 Thread 0x000002e1dabf42f0 Thread added: 0x000002e1ed86ed30
Event: 79.990 Thread 0x000002e1efc008d0 Thread added: 0x000002e1ed86ced0
Event: 80.420 Thread 0x000002e1ed86de00 Thread added: 0x000002e1ed86fc60


Dynamic libraries:
0x00007ff779490000 - 0x00007ff77949e000 	C:\Program Files\Eclipse Adoptium\jdk-17.0.17.10-hotspot\bin\java.exe
0x00007ffa24380000 - 0x00007ffa245e7000 	C:\WINDOWS\SYSTEM32\ntdll.dll
0x00007ffa23510000 - 0x00007ffa235d9000 	C:\WINDOWS\System32\KERNEL32.DLL
0x00007ffa218d0000 - 0x00007ffa21cbf000 	C:\WINDOWS\System32\KERNELBASE.dll
0x00007ffa21780000 - 0x00007ffa218cb000 	C:\WINDOWS\System32\ucrtbase.dll
0x00007ff9f34c0000 - 0x00007ff9f34d8000 	C:\Program Files\Eclipse Adoptium\jdk-17.0.17.10-hotspot\bin\jli.dll
0x00007ff9f4ea0000 - 0x00007ff9f4ebe000 	C:\Program Files\Eclipse Adoptium\jdk-17.0.17.10-hotspot\bin\VCRUNTIME140.dll
0x00007ffa221e0000 - 0x00007ffa223a5000 	C:\WINDOWS\System32\USER32.dll
0x00007ffa04d00000 - 0x00007ffa04f93000 	C:\WINDOWS\WinSxS\amd64_microsoft.windows.common-controls_6595b64144ccf1df_6.0.26100.7309_none_3e05feeae336a044\COMCTL32.dll
0x00007ffa22040000 - 0x00007ffa22067000 	C:\WINDOWS\System32\win32u.dll
0x00007ffa22130000 - 0x00007ffa221d9000 	C:\WINDOWS\System32\msvcrt.dll
0x00007ffa238b0000 - 0x00007ffa238db000 	C:\WINDOWS\System32\GDI32.dll
0x00007ffa214d0000 - 0x00007ffa215fc000 	C:\WINDOWS\System32\gdi32full.dll
0x00007ffa21ed0000 - 0x00007ffa21f73000 	C:\WINDOWS\System32\msvcp_win.dll
0x00007ffa23040000 - 0x00007ffa23071000 	C:\WINDOWS\System32\IMM32.DLL
0x00007ff9ee9f0000 - 0x00007ff9ee9fc000 	C:\Program Files\Eclipse Adoptium\jdk-17.0.17.10-hotspot\bin\vcruntime140_1.dll
0x00007ff9a6da0000 - 0x00007ff9a6e2d000 	C:\Program Files\Eclipse Adoptium\jdk-17.0.17.10-hotspot\bin\msvcp140.dll
0x00007ff9407c0000 - 0x00007ff94142b000 	C:\Program Files\Eclipse Adoptium\jdk-17.0.17.10-hotspot\bin\server\jvm.dll
0x00007ffa23f10000 - 0x00007ffa23fc4000 	C:\WINDOWS\System32\ADVAPI32.dll
0x00007ffa226e0000 - 0x00007ffa22786000 	C:\WINDOWS\System32\sechost.dll
0x00007ffa23a60000 - 0x00007ffa23b78000 	C:\WINDOWS\System32\RPCRT4.dll
0x00007ffa223b0000 - 0x00007ffa22424000 	C:\WINDOWS\System32\WS2_32.dll
0x00007ffa19650000 - 0x00007ffa19685000 	C:\WINDOWS\SYSTEM32\WINMM.dll
0x00007ffa21350000 - 0x00007ffa213ae000 	C:\WINDOWS\SYSTEM32\POWRPROF.dll
0x00007ffa196e0000 - 0x00007ffa196eb000 	C:\WINDOWS\SYSTEM32\VERSION.dll
0x00007ffa21330000 - 0x00007ffa21344000 	C:\WINDOWS\SYSTEM32\UMPDC.dll
0x00007ffa20260000 - 0x00007ffa2027b000 	C:\WINDOWS\SYSTEM32\kernel.appcore.dll
0x00007ff9ecb70000 - 0x00007ff9ecb7a000 	C:\Program Files\Eclipse Adoptium\jdk-17.0.17.10-hotspot\bin\jimage.dll
0x00007ffa1ec20000 - 0x00007ffa1ee62000 	C:\WINDOWS\SYSTEM32\DBGHELP.DLL
0x00007ffa23b80000 - 0x00007ffa23f06000 	C:\WINDOWS\System32\combase.dll
0x00007ffa235e0000 - 0x00007ffa236b6000 	C:\WINDOWS\System32\OLEAUT32.dll
0x00007ff9f2a00000 - 0x00007ff9f2a3c000 	C:\WINDOWS\SYSTEM32\dbgcore.DLL
0x00007ffa22070000 - 0x00007ffa22115000 	C:\WINDOWS\System32\bcryptPrimitives.dll
0x00007ff9e50e0000 - 0x00007ff9e50ee000 	C:\Program Files\Eclipse Adoptium\jdk-17.0.17.10-hotspot\bin\instrument.dll
0x00007ff9a7850000 - 0x00007ff9a7875000 	C:\Program Files\Eclipse Adoptium\jdk-17.0.17.10-hotspot\bin\java.dll
0x00007ff9a6cc0000 - 0x00007ff9a6d97000 	C:\Program Files\Eclipse Adoptium\jdk-17.0.17.10-hotspot\bin\jsvml.dll
0x00007ffa228c0000 - 0x00007ffa23013000 	C:\WINDOWS\System32\SHELL32.dll
0x00007ffa21cd0000 - 0x00007ffa21e3a000 	C:\WINDOWS\System32\wintypes.dll
0x00007ffa1f0b0000 - 0x00007ffa1f90e000 	C:\WINDOWS\SYSTEM32\windows.storage.dll
0x00007ffa227c0000 - 0x00007ffa228b5000 	C:\WINDOWS\System32\SHCORE.dll
0x00007ffa238e0000 - 0x00007ffa23946000 	C:\WINDOWS\System32\shlwapi.dll
0x00007ffa213f0000 - 0x00007ffa21419000 	C:\WINDOWS\SYSTEM32\profapi.dll
0x00007ff9aaad0000 - 0x00007ff9aaae8000 	C:\Program Files\Eclipse Adoptium\jdk-17.0.17.10-hotspot\bin\zip.dll
0x00007ff9e6c60000 - 0x00007ff9e6c7a000 	C:\Program Files\Eclipse Adoptium\jdk-17.0.17.10-hotspot\bin\net.dll
0x00007ffa19f00000 - 0x00007ffa1a028000 	C:\WINDOWS\SYSTEM32\WINHTTP.dll
0x00007ffa207f0000 - 0x00007ffa2085b000 	C:\WINDOWS\system32\mswsock.dll
0x00007ff9e17e0000 - 0x00007ff9e17f6000 	C:\Program Files\Eclipse Adoptium\jdk-17.0.17.10-hotspot\bin\nio.dll
0x00007ff9ec5e0000 - 0x00007ff9ec5f0000 	C:\Program Files\Eclipse Adoptium\jdk-17.0.17.10-hotspot\bin\verify.dll
0x00007ff9a7820000 - 0x00007ff9a7847000 	C:\Users\LENOVO\.gradle\native\1def1411415f61bf3af743bc5b6707747c0891f09f0c88961ee8f79bc544acac\windows-amd64\native-platform.dll
0x00007ff9a6c40000 - 0x00007ff9a6cb8000 	C:\Users\LENOVO\.gradle\native\0.2.7\x86_64-windows-gnu\gradle-fileevents.dll
0x00007ff9ec300000 - 0x00007ff9ec30a000 	C:\Program Files\Eclipse Adoptium\jdk-17.0.17.10-hotspot\bin\management.dll
0x00007ff9e5c10000 - 0x00007ff9e5c1c000 	C:\Program Files\Eclipse Adoptium\jdk-17.0.17.10-hotspot\bin\management_ext.dll
0x00007ffa22120000 - 0x00007ffa22128000 	C:\WINDOWS\System32\PSAPI.DLL
0x00007ffa1fc80000 - 0x00007ffa1fcb4000 	C:\WINDOWS\SYSTEM32\IPHLPAPI.DLL
0x00007ffa22430000 - 0x00007ffa2243a000 	C:\WINDOWS\System32\NSI.dll
0x00007ffa19e90000 - 0x00007ffa19eae000 	C:\WINDOWS\SYSTEM32\dhcpcsvc6.DLL
0x00007ffa19ca0000 - 0x00007ffa19cc3000 	C:\WINDOWS\SYSTEM32\dhcpcsvc.DLL
0x00007ffa1fd20000 - 0x00007ffa1fe4c000 	C:\WINDOWS\SYSTEM32\DNSAPI.dll
0x00007ff9e5190000 - 0x00007ff9e5199000 	C:\Program Files\Eclipse Adoptium\jdk-17.0.17.10-hotspot\bin\extnet.dll
0x00007ffa20ab0000 - 0x00007ffa20acb000 	C:\WINDOWS\SYSTEM32\CRYPTSP.dll
0x00007ffa201b0000 - 0x00007ffa201ea000 	C:\WINDOWS\system32\rsaenh.dll
0x00007ffa208a0000 - 0x00007ffa208cb000 	C:\WINDOWS\SYSTEM32\USERENV.dll
0x00007ffa213c0000 - 0x00007ffa213ea000 	C:\WINDOWS\SYSTEM32\bcrypt.dll
0x00007ffa20ad0000 - 0x00007ffa20adc000 	C:\WINDOWS\SYSTEM32\CRYPTBASE.dll
0x00007ff9e31c0000 - 0x00007ff9e31ce000 	C:\Program Files\Eclipse Adoptium\jdk-17.0.17.10-hotspot\bin\sunmscapi.dll
0x00007ffa21600000 - 0x00007ffa21777000 	C:\WINDOWS\System32\CRYPT32.dll
0x00007ffa20cd0000 - 0x00007ffa20d00000 	C:\WINDOWS\SYSTEM32\ncrypt.dll
0x00007ffa20c80000 - 0x00007ffa20cbf000 	C:\WINDOWS\SYSTEM32\NTASN1.dll
0x00007ffa0d770000 - 0x00007ffa0d778000 	C:\WINDOWS\system32\wshunix.dll
0x00007ffa20380000 - 0x00007ffa203b6000 	C:\WINDOWS\SYSTEM32\ntmarta.dll

dbghelp: loaded successfully - version: 4.0.5 - missing functions: none
symbol engine: initialized successfully - sym options: 0x614 - pdb path: .;C:\Program Files\Eclipse Adoptium\jdk-17.0.17.10-hotspot\bin;C:\WINDOWS\SYSTEM32;C:\WINDOWS\WinSxS\amd64_microsoft.windows.common-controls_6595b64144ccf1df_6.0.26100.7309_none_3e05feeae336a044;C:\Program Files\Eclipse Adoptium\jdk-17.0.17.10-hotspot\bin\server;C:\Users\LENOVO\.gradle\native\1def1411415f61bf3af743bc5b6707747c0891f09f0c88961ee8f79bc544acac\windows-amd64;C:\Users\LENOVO\.gradle\native\0.2.7\x86_64-windows-gnu

VM Arguments:
jvm_args: --add-opens=java.base/java.lang=ALL-UNNAMED --add-opens=java.base/java.lang.invoke=ALL-UNNAMED --add-opens=java.base/java.util=ALL-UNNAMED --add-opens=java.prefs/java.util.prefs=ALL-UNNAMED --add-exports=jdk.compiler/com.sun.tools.javac.api=ALL-UNNAMED --add-exports=jdk.compiler/com.sun.tools.javac.util=ALL-UNNAMED --add-opens=java.base/java.util=ALL-UNNAMED --add-opens=java.prefs/java.util.prefs=ALL-UNNAMED --add-opens=java.base/java.nio.charset=ALL-UNNAMED --add-opens=java.base/java.net=ALL-UNNAMED --add-opens=java.base/java.util.concurrent.atomic=ALL-UNNAMED --add-opens=java.xml/javax.xml.namespace=ALL-UNNAMED -XX:MaxMetaspaceSize=512m -XX:+UseG1GC -Xmx4096m -Dfile.encoding=UTF-8 -Duser.country=IN -Duser.language=en -Duser.variant -javaagent:C:\Users\LENOVO\.gradle\wrapper\dists\gradle-8.14.3-bin\cv11ve7ro1n3o1j4so8xd9n66\gradle-8.14.3\lib\agents\gradle-instrumentation-agent-8.14.3.jar 
java_command: org.gradle.launcher.daemon.bootstrap.GradleDaemon 8.14.3
java_class_path (initial): C:\Users\LENOVO\.gradle\wrapper\dists\gradle-8.14.3-bin\cv11ve7ro1n3o1j4so8xd9n66\gradle-8.14.3\lib\gradle-daemon-main-8.14.3.jar
Launcher Type: SUN_STANDARD

[Global flags]
     intx CICompilerCount                          = 4                                         {product} {ergonomic}
   size_t CompressedClassSpaceSize                 = 436207616                                 {product} {ergonomic}
     uint ConcGCThreads                            = 3                                         {product} {ergonomic}
     uint G1ConcRefinementThreads                  = 10                                        {product} {ergonomic}
   size_t G1HeapRegionSize                         = 2097152                                   {product} {ergonomic}
    uintx GCDrainStackTargetSize                   = 64                                        {product} {ergonomic}
   size_t InitialHeapSize                          = 98566144                                  {product} {ergonomic}
   size_t MarkStackSize                            = 4194304                                   {product} {ergonomic}
   size_t MaxHeapSize                              = 4294967296                                {product} {command line}
   size_t MaxMetaspaceSize                         = 536870912                                 {product} {command line}
   size_t MaxNewSize                               = 2575302656                                {product} {ergonomic}
   size_t MinHeapDeltaBytes                        = 2097152                                   {product} {ergonomic}
   size_t MinHeapSize                              = 8388608                                   {product} {ergonomic}
    uintx NonNMethodCodeHeapSize                   = 5839372                                {pd product} {ergonomic}
    uintx NonProfiledCodeHeapSize                  = 122909434                              {pd product} {ergonomic}
    uintx ProfiledCodeHeapSize                     = 122909434                              {pd product} {ergonomic}
    uintx ReservedCodeCacheSize                    = 251658240                              {pd product} {ergonomic}
     bool SegmentedCodeCache                       = true                                      {product} {ergonomic}
   size_t SoftMaxHeapSize                          = 4294967296                             {manageable} {ergonomic}
     bool UseCompressedClassPointers               = true                           {product lp64_product} {ergonomic}
     bool UseCompressedOops                        = true                           {product lp64_product} {ergonomic}
     bool UseG1GC                                  = true                                      {product} {command line}
     bool UseLargePagesIndividualAllocation        = false                                  {pd product} {ergonomic}

Logging:
Log output configuration:
 #0: stdout all=warning uptime,level,tags
 #1: stderr all=off uptime,level,tags

Environment Variables:
JAVA_HOME=C:\Program Files\Eclipse Adoptium\jdk-17.0.17.10-hotspot
PATH=C:\Program Files\Eclipse Adoptium\jdk-17.0.17.10-hotspot\bin;C:\Program Files\Java\jdk-25\bin;C:\Users\LENOVO\bin;C:\Windows\system32;C:\Windows;C:\Windows\System32\Wbem;C:\Windows\System32\WindowsPowerShell\v1.0;C:\Windows\System32\OpenSSH;C:\Program Files (x86)\NVIDIA Corporation\PhysX\Common;C:\Program Files\NVIDIA Corporation\NVIDIA NvDLISR;C:\WINDOWS\system32;C:\WINDOWS;C:\WINDOWS\System32\Wbem;C:\WINDOWS\System32\WindowsPowerShell\v1.0;C:\WINDOWS\System32\OpenSSH;C:\Program Files\Java\jdk-19.0.1;C:\Users\LENOVO\Desktop;C:\Users\LENOVO\Desktop\Library\mingw-w64\bin;C:\Users\LENOVO\Desktop\Library\usr\bin;C:\Users\LENOVO\Desktop\Library\bin;C:\Users\LENOVO\Desktop\Scripts;C:\Users\LENOVO\AppDa;C:\Program Files\Git\cmd;C:\MinGW\bin;C:\Program Files\MongoDB\Server\8.0\bin;C:\Users\LENOVO\AppData\Local\Android\Sdk;C:\Users\LENOVO\AppData\Local\Android\Sdk\platform-tools;C:\ProgramData\chocolatey\bin;C:\WINDOWS\system32;C:\WINDOWS;C:\WINDOWS\System32\Wbem;C:\WINDOWS\System32\WindowsPowerShell\v1.0\;C:\WINDOWS\System32\OpenSSH\;C:\Program Files\Docker\Docker\resources\bin;C:\Program Files\nodejs\;C:\Program Files\dotnet\;C:\Program Files\cursor\resources\app\bin;C:\Users\LENOVO\Android\Sdk\platform-tools;C:\Users\LENOVO\Android\Sdk\cmdline-tools;C:\flutter\bin;C:\Users\LENOVO\Android\Sdk\cmdline-tools\latest\bin;C:\Users\LENOVO\scoop\shims;C:\Program Files\Java\jdk-25\bin;C:\Users\LENOVO\bin;C:\Windows\system32;C:\Windows;C:\Windows\System32\Wbem;C:\Windows\System32\WindowsPowerShell\v1.0;C:\Windows\System32\OpenSSH;C:\Program Files (x86)\NVIDIA Corporation\PhysX\Common;C:\Program Files\NVIDIA Corporation\NVIDIA NvDLISR;C:\WINDOWS\system32;C:\WINDOWS;C:\WINDOWS\System32\Wbem;C:\WINDOWS\System32\WindowsPowerShell\v1.0;C:\WINDOWS\System32\OpenSSH;C:\Program Files\Java\jdk-19.0.1;C:\Users\LENOVO\Desktop;C:\Users\LENOVO\Desktop\Library\mingw-w64\bin;C:\Users\LENOVO\Desktop\Library\usr\bin;C:\Users\LENOVO\Desktop\Library\bin;C:\Users\LENOVO\Desktop\Scripts;C:\Users\LENOVO\AppDa;C:\Program Files\Git\cmd;C:\MinGW\bin;C:\Program Files\MongoDB\Server\8.0\bin;C:\Users\LENOVO\AppData\Local\Android\Sdk;C:\Users\LENOVO\AppData\Local\Android\Sdk\platform-tools;C:\Program Files\nodejs\;C:\ProgramData\chocolatey\bin;;C:\WINDOWS\system32;C:\WINDOWS;C:\WINDOWS\System32\Wbem;C:\WINDOWS\System32\WindowsPowerShell\v1.0\;C:\WINDOWS\System32\OpenSSH\;C:\Users\LENOVO\AppData\Local\Programs\Python\Launcher\;C:\Program Files\Java\jdk-25\bin;C:\Users\LENOVO\bin;C:\Windows\system32;C:\Windows;C:\Windows\System32\Wbem;C:\Windows\System32\WindowsPowerShell\v1.0;C:\Windows\System32\OpenSSH;C:\Program Files (x86)\NVIDIA Corporation\PhysX\Common;C:\Program Files\NVIDIA Corporation\NVIDIA NvDLISR;C:\WINDOWS\system32;C:\WINDOWS;C:\WINDOWS\System32\Wbem;C:\WINDOWS\System32\WindowsPowerShell\v1.0;C:\WINDOWS\System32\OpenSSH;C:\Program Files\Java\jdk-19.0.1;C:\Users\LENOVO\Desktop;C:\Users\LENOVO\Desktop\Library\mingw-w64\bin;C:\Users\LENOVO\Desktop\Library\usr\bin;C:\Users\LENOVO\Desktop\Library\bin;C:\Users\LENOVO\Desktop\Scripts;C:\Users\LENOVO\AppDa;C:\Program Files\Git\cmd;C:\MinGW\bin;C:\Program Files\MongoDB\Server\8.0\bin;C:\Users\LENOVO\AppData\Local\Android\Sdk;C:\Users\LENOVO\AppData\Local\Android\Sdk\platform-tools;C:\Program Files\nodejs\;C:\ProgramData\chocolatey\bin;;C:\WINDOWS\system32;C:\WINDOWS;C:\WINDOWS\System32\Wbem;C:\WINDOWS\System32\WindowsPowerShell\v1.0\;C:\WINDOWS\System32\OpenSSH\;C:\Program Files\nodejs;C:\Users\LENOVO\AppData\Local\Programs\Microsoft VS Code\bin;C:\Users\LENOVO\AppData\Local\Programs\Python\Python314\;C:\Users\LENOVO\AppData\Local\Programs\Python\Python314\Scripts\;C:\Users\LENOVO\AppData\Local\Microsoft\WindowsApps;c:\Users\LENOVO\.vscode\extensions\ms-python.debugpy-2025.14.1-win32-x64\bundled\scripts\noConfigScripts;c:\Users\LENOVO\AppData\Roaming\Code\User\globalStorage\github.copilot-chat\debugCommand;C:\Program Files\Docker\Docker\resources\bin;C:\Program Files\Docker\Docker\resources\bin;C:\Users\LENOVO\AppData\Roaming\npm;C:\Program Files\Tesseract-OCR
USERNAME=LENOVO
OS=Windows_NT
PROCESSOR_IDENTIFIER=AMD64 Family 25 Model 80 Stepping 0, AuthenticAMD
TMP=C:\Users\LENOVO\AppData\Local\Temp
TEMP=C:\Users\LENOVO\AppData\Local\Temp



Periodic native trim disabled


---------------  S Y S T E M  ---------------

OS:
 Windows 11 , 64 bit Build 26100 (10.0.26100.7623)
OS uptime: 6 days 21:09 hours
Hyper-V role detected

CPU: total 12 (initial active 12) (12 cores per cpu, 2 threads per core) family 25 model 80 stepping 0 microcode 0xa50000c, cx8, cmov, fxsr, ht, mmx, 3dnowpref, sse, sse2, sse3, ssse3, sse4a, sse4.1, sse4.2, popcnt, lzcnt, tsc, tscinvbit, avx, avx2, aes, erms, clmul, bmi1, bmi2, adx, sha, fma, vzeroupper, clflush, clflushopt, hv
Processor Information for processor 0
  Max Mhz: 3301, Current Mhz: 3301, Mhz Limit: 3301
Processor Information for processor 1
  Max Mhz: 3301, Current Mhz: 3301, Mhz Limit: 3301
Processor Information for processor 2
  Max Mhz: 3301, Current Mhz: 2011, Mhz Limit: 3301
Processor Information for processor 3
  Max Mhz: 3301, Current Mhz: 3301, Mhz Limit: 3301
Processor Information for processor 4
  Max Mhz: 3301, Current Mhz: 3301, Mhz Limit: 3301
Processor Information for processor 5
  Max Mhz: 3301, Current Mhz: 3301, Mhz Limit: 3301
Processor Information for processor 6
  Max Mhz: 3301, Current Mhz: 3301, Mhz Limit: 3301
Processor Information for processor 7
  Max Mhz: 3301, Current Mhz: 2011, Mhz Limit: 3301
Processor Information for processor 8
  Max Mhz: 3301, Current Mhz: 3301, Mhz Limit: 3301
Processor Information for processor 9
  Max Mhz: 3301, Current Mhz: 3301, Mhz Limit: 3301
Processor Information for processor 10
  Max Mhz: 3301, Current Mhz: 3301, Mhz Limit: 3301
Processor Information for processor 11
  Max Mhz: 3301, Current Mhz: 2011, Mhz Limit: 3301

Memory: 4k page, system-wide physical 5996M (221M free)
TotalPageFile size 24428M (AvailPageFile size 278M)
current process WorkingSet (physical memory assigned to process): 372M, peak: 636M
current process commit charge ("private bytes"): 925M, peak: 1277M

vm_info: OpenJDK 64-Bit Server VM (17.0.17+10) for windows-amd64 JRE (17.0.17+10), built on Oct 21 2025 23:25:32 by "admin" with unknown MS VC++:1942

END.
